"","FID1","IID1","FID2","IID2","NSNP","HETHET","IBS0","KINSHIP"
"1",0,"E13M",0,"E10F",1159187,0.0427584,0.0336374,-0.153824
"2",0,"E14F",0,"E10F",1189508,0.0302537,0.0428118,-0.346653
"3",0,"E14F",0,"E13M",1187230,0.0374755,0.0373896,-0.296804
"4",0,"E18F",0,"E10F",1183131,0.0483488,0.026833,-0.0919798
"5",0,"E18F",0,"E13M",1180867,0.0530373,0.0271258,-0.0270828
"6",0,"E18F",0,"E14F",1211665,0.0387706,0.0294289,-0.234935
"7",0,"E19M",0,"E10F",1121679,0.041667,0.0379895,-0.208768
"8",0,"E19M",0,"E13M",1119510,0.0557905,0.0237827,0.0258242
"9",0,"E19M",0,"E14F",1149365,0.0407199,0.0281564,-0.190404
"10",0,"E19M",0,"E18F",1143109,0.0536799,0.0283569,-0.026797
"11",0,"E24M",0,"E10F",1181814,0.0409185,0.0371488,-0.188848
"12",0,"E24M",0,"E13M",1179450,0.0555038,0.0134673,0.109851
"13",0,"E24M",0,"E14F",1210200,0.0325161,0.0403247,-0.349628
"14",0,"E24M",0,"E18F",1203711,0.0501125,0.0292304,-0.0615606
"15",0,"E24M",0,"E19M",1141636,0.0527532,0.0216409,0.0260931
"16",0,"E25F",0,"E10F",1115725,0.0452495,0.0315087,-0.123157
"17",0,"E25F",0,"E13M",1113500,0.0600692,0.000372699,0.232109
"18",0,"E25F",0,"E14F",1142866,0.035656,0.0369343,-0.303069
"19",0,"E25F",0,"E18F",1136850,0.0552975,0.024757,0.00116224
"20",0,"E25F",0,"E19M",1077021,0.0519479,0.0281081,-0.0223792
"21",0,"E25F",0,"E24M",1135305,0.0525031,0.019667,0.0465735
"22",0,"E27M",0,"E10F",1044052,0.0488242,0.0313442,-0.139317
"23",0,"E27M",0,"E13M",1041848,0.0604292,0.0216078,0.0374381
"24",0,"E27M",0,"E14F",1069720,0.0401488,0.032501,-0.269318
"25",0,"E27M",0,"E18F",1063760,0.0596695,0.024686,0.031213
"26",0,"E27M",0,"E19M",1007178,0.0614519,0.012953,0.115098
"27",0,"E27M",0,"E24M",1062354,0.0579891,0.0191198,0.0441338
"28",0,"E27M",0,"E25F",1002150,0.0593434,0.0228758,0.0246304
"29",0,"E28F",0,"E10F",1113820,0.0574231,0.000405811,0.204576
"30",0,"E28F",0,"E13M",1111870,0.0507892,0.0256037,-0.0134471
"31",0,"E28F",0,"E14F",1140881,0.037613,0.0353508,-0.289412
"32",0,"E28F",0,"E18F",1134751,0.05853,0.0157321,0.0912206
"33",0,"E28F",0,"E19M",1075203,0.0494455,0.030026,-0.0451849
"34",0,"E28F",0,"E24M",1133330,0.0495204,0.0314542,-0.0708671
"35",0,"E28F",0,"E25F",1069855,0.0530679,0.0247052,0.00390354
"36",0,"E28F",0,"E27M",1000356,0.0577994,0.0243913,0.0166414
"37",0,"E29M",0,"E10F",1180775,0.0539163,0.000283712,0.1983
"38",0,"E29M",0,"E13M",1178535,0.0497423,0.0292049,-0.0388397
"39",0,"E29M",0,"E14F",1209191,0.0378311,0.0358529,-0.285371
"40",0,"E29M",0,"E18F",1202816,0.0591379,0.0162028,0.0860382
"41",0,"E29M",0,"E19M",1140635,0.0490087,0.0307469,-0.0506955
"42",0,"E29M",0,"E24M",1201288,0.0472085,0.0312465,-0.0713047
"43",0,"E29M",0,"E25F",1134499,0.0523544,0.0241481,0.012302
"44",0,"E29M",0,"E27M",1061942,0.0550426,0.0237527,0.00473802
"45",0,"E29M",0,"E28F",1132634,0.0847079,0.00568056,0.276488
"46",0,"E30M",0,"E10F",1170305,0.0462931,0.0266913,-0.105679
"47",0,"E30M",0,"E13M",1168135,0.0515232,0.0287433,-0.0510903
"48",0,"E30M",0,"E14F",1198589,0.0402699,0.0372213,-0.317786
"49",0,"E30M",0,"E18F",1192120,0.0568861,0.0241167,0.0269747
"50",0,"E30M",0,"E19M",1130621,0.0530549,0.0314818,-0.0583608
"51",0,"E30M",0,"E24M",1190783,0.0526729,0.0247703,-0.0206946
"52",0,"E30M",0,"E25F",1124359,0.0556824,0.0217537,0.0211668
"53",0,"E30M",0,"E27M",1052034,0.0581331,0.0248195,0.0282742
"54",0,"E30M",0,"E28F",1122536,0.0565167,0.0223975,0.0285527
"55",0,"E30M",0,"E29M",1189784,0.0557286,0.020592,0.0341481
"56",0,"E31M",0,"E10F",1187682,0.0401564,0.0338213,-0.157689
"57",0,"E31M",0,"E13M",1185404,0.0566355,0.00898765,0.149012
"58",0,"E31M",0,"E14F",1216325,0.0330948,0.0434933,-0.376481
"59",0,"E31M",0,"E18F",1209957,0.0505712,0.0294052,-0.0658936
"60",0,"E31M",0,"E19M",1147832,0.0486953,0.0236925,-0.0106923
"61",0,"E31M",0,"E24M",1208437,0.0660216,0.0075337,0.204984
"62",0,"E31M",0,"E25F",1141132,0.0548552,0.0196787,0.0532208
"63",0,"E31M",0,"E27M",1067777,0.055181,0.0229954,-0.00174949
"64",0,"E31M",0,"E28F",1139176,0.0489512,0.0292966,-0.060433
"65",0,"E31M",0,"E29M",1207402,0.0465553,0.0304845,-0.0730291
"66",0,"E31M",0,"E30M",1196866,0.0526124,0.0258224,-0.0335811
"67",0,"E32M",0,"E10F",1136698,0.0502719,0.020227,0.00578672
"68",0,"E32M",0,"E13M",1134415,0.0454393,0.0294337,-0.0552489
"69",0,"E32M",0,"E14F",1164255,0.0370039,0.0406724,-0.33189
"70",0,"E32M",0,"E18F",1157970,0.0547665,0.0231353,0.0088704
"71",0,"E32M",0,"E19M",1097327,0.0491403,0.0340345,-0.0844859
"72",0,"E32M",0,"E24M",1156734,0.0482825,0.030249,-0.0521135
"73",0,"E32M",0,"E25F",1091923,0.0503589,0.0267675,-0.0153042
"74",0,"E32M",0,"E27M",1021163,0.0521876,0.026319,-0.0330129
"75",0,"E32M",0,"E28F",1089907,0.0636265,0.000411962,0.235084
"76",0,"E32M",0,"E29M",1155641,0.0571968,0.0127444,0.119656
"77",0,"E32M",0,"E30M",1145461,0.0685584,0.00031603,0.239753
"78",0,"E32M",0,"E31M",1162529,0.0487472,0.0293558,-0.047813
"79",0,"E33M",0,"E10F",929223,0.0477722,0.0303296,-0.128159
"80",0,"E33M",0,"E13M",927517,0.054964,0.0272728,-0.0225219
"81",0,"E33M",0,"E14F",952587,0.0415374,0.0342604,-0.270112
"82",0,"E33M",0,"E18F",947015,0.0701372,0.00941062,0.182373
"83",0,"E33M",0,"E19M",895856,0.0567134,0.0285392,-0.0178811
"84",0,"E33M",0,"E24M",945998,0.0528511,0.0299546,-0.0574358
"85",0,"E33M",0,"E25F",890878,0.0576252,0.0235027,0.017963
"86",0,"E33M",0,"E27M",831999,0.0615313,0.0236683,0.0452787
"87",0,"E33M",0,"E28F",889611,0.0712862,0.000719416,0.247024
"88",0,"E33M",0,"E29M",945171,0.0703439,0.000580847,0.245485
"89",0,"E33M",0,"E30M",936707,0.0604533,0.0218756,0.0560852
"90",0,"E33M",0,"E31M",950846,0.0511408,0.0293875,-0.0652701
"91",0,"E33M",0,"E32M",908753,0.0614017,0.0128374,0.114122
"92",0,"E34M",0,"E10F",1182432,0.0427103,0.0311291,-0.120801
"93",0,"E34M",0,"E13M",1180199,0.0548755,0.0176911,0.0707806
"94",0,"E34M",0,"E14F",1211150,0.0341568,0.0341485,-0.268683
"95",0,"E34M",0,"E18F",1204743,0.0529291,0.0254934,-0.0248351
"96",0,"E34M",0,"E19M",1143087,0.0483165,0.0296495,-0.06119
"97",0,"E34M",0,"E24M",1203242,0.0509033,0.0216208,0.0271359
"98",0,"E34M",0,"E25F",1136214,0.0655563,0.000289558,0.255957
"99",0,"E34M",0,"E27M",1063150,0.0536942,0.0280478,-0.0496902
"100",0,"E34M",0,"E28F",1134060,0.0522018,0.0227166,0.00658451
"101",0,"E34M",0,"E29M",1202134,0.0506191,0.02485,-0.0102694
"102",0,"E34M",0,"E30M",1191610,0.0543173,0.0227491,-0.00145388
"103",0,"E34M",0,"E31M",1209401,0.051246,0.0234438,0.0175684
"104",0,"E34M",0,"E32M",1157352,0.0471551,0.025211,-0.0213689
"105",0,"E34M",0,"E33M",946456,0.0582563,0.0216365,0.0266374
"106",0,"E35M",0,"E10F",1190339,0.0539661,0.0154376,0.00815133
"107",0,"E35M",0,"E13M",1188053,0.0566759,0.02904,-0.0545016
"108",0,"E35M",0,"E14F",1219029,0.0413862,0.0394043,-0.365247
"109",0,"E35M",0,"E18F",1212524,0.061814,0.0256597,0.0141322
"110",0,"E35M",0,"E19M",1150217,0.0537612,0.0363245,-0.11388
"111",0,"E35M",0,"E24M",1211003,0.0528793,0.0311609,-0.0929018
"112",0,"E35M",0,"E25F",1143778,0.0578058,0.0298624,-0.0550917
"113",0,"E35M",0,"E27M",1070250,0.0628722,0.0285868,0.00238006
"114",0,"E35M",0,"E28F",1141838,0.0615464,0.017527,0.0640691
"115",0,"E35M",0,"E29M",1210048,0.0598819,0.0202678,0.0315907
"116",0,"E35M",0,"E30M",1199482,0.0630489,0.0213225,0.0533984
"117",0,"E35M",0,"E31M",1217286,0.0541335,0.0307693,-0.0899128
"118",0,"E35M",0,"E32M",1165130,0.0554367,0.0224353,-0.0089022
"119",0,"E35M",0,"E33M",953259,0.0625129,0.0280218,0.000358145
"120",0,"E35M",0,"E34M",1211993,0.0544681,0.031081,-0.0914348
"121",0,"E36F",0,"E10F",1128718,0.0407427,0.0355261,-0.173007
"122",0,"E36F",0,"E13M",1126404,0.0461753,0.0331125,-0.0905275
"123",0,"E36F",0,"E14F",1156474,0.0361876,0.0395625,-0.320859
"124",0,"E36F",0,"E18F",1150120,0.0746287,0.000146941,0.27402
"125",0,"E36F",0,"E19M",1091822,0.0477523,0.0348775,-0.106047
"126",0,"E36F",0,"E24M",1148654,0.0459494,0.0351986,-0.102943
"127",0,"E36F",0,"E25F",1083782,0.0502896,0.0310634,-0.0575579
"128",0,"E36F",0,"E27M",1013235,0.0515132,0.0296762,-0.0697842
"129",0,"E36F",0,"E28F",1081773,0.0554525,0.0115505,0.11246
"130",0,"E36F",0,"E29M",1147776,0.0536943,0.0141718,0.0912828
"131",0,"E36F",0,"E30M",1137337,0.0518633,0.0287443,-0.0588855
"132",0,"E36F",0,"E31M",1154966,0.0455347,0.0363915,-0.11315
"133",0,"E36F",0,"E32M",1104156,0.0485294,0.0196494,0.0318817
"134",0,"E36F",0,"E33M",901300,0.0765406,0.000423832,0.272947
"135",0,"E36F",0,"E34M",1150073,0.0481387,0.0288408,-0.0399928
"136",0,"E36F",0,"E35M",1157205,0.0542998,0.0314905,-0.0939676
"137",0,"E37F",0,"E10F",1182952,0.0374926,0.0297459,-0.147984
"138",0,"E37F",0,"E13M",1180827,0.037699,0.037262,-0.272654
"139",0,"E37F",0,"E14F",1211674,0.0286579,0.0467931,-0.365652
"140",0,"E37F",0,"E18F",1205318,0.0453938,0.0212782,-0.0949993
"141",0,"E37F",0,"E19M",1143596,0.0363931,0.0388616,-0.306374
"142",0,"E37F",0,"E24M",1203827,0.0355051,0.0415417,-0.322299
"143",0,"E37F",0,"E25F",1136633,0.0374879,0.0333626,-0.23481
"144",0,"E37F",0,"E27M",1063629,0.0414581,0.0340579,-0.256914
"145",0,"E37F",0,"E28F",1134646,0.0603995,0.000300534,0.216447
"146",0,"E37F",0,"E29M",1202791,0.0539545,0.0143051,0.0465308
"147",0,"E37F",0,"E30M",1192278,0.0413645,0.0335392,-0.250401
"148",0,"E37F",0,"E31M",1210106,0.0349961,0.0393445,-0.296741
"149",0,"E37F",0,"E32M",1157948,0.0450651,0.0204007,-0.0552099
"150",0,"E37F",0,"E33M",946800,0.0697951,0.000500634,0.243136
"151",0,"E37F",0,"E34M",1204835,0.0360431,0.0296406,-0.189954
"152",0,"E37F",0,"E35M",1212614,0.0442655,0.0314238,-0.241515
"153",0,"E37F",0,"E36F",1150537,0.0421994,0.0126306,0.0189714
"154",0,"LAO01M",0,"E10F",1187151,0.0375908,0.06094,-0.448836
"155",0,"LAO01M",0,"E13M",1184859,0.0481796,0.0558581,-0.267536
"156",0,"LAO01M",0,"E14F",1215692,0.0323363,0.0665078,-0.666309
"157",0,"LAO01M",0,"E18F",1209353,0.0525124,0.050341,-0.183694
"158",0,"LAO01M",0,"E19M",1147095,0.0465768,0.0543713,-0.250605
"159",0,"LAO01M",0,"E24M",1207827,0.0447332,0.0563301,-0.296459
"160",0,"LAO01M",0,"E25F",1140743,0.0486376,0.0535309,-0.244785
"161",0,"LAO01M",0,"E27M",1067589,0.0517212,0.0478658,-0.173094
"162",0,"LAO01M",0,"E28F",1138689,0.0470497,0.0548359,-0.240933
"163",0,"LAO01M",0,"E29M",1206891,0.0453123,0.055266,-0.265098
"164",0,"LAO01M",0,"E30M",1196285,0.0535558,0.049321,-0.176606
"165",0,"LAO01M",0,"E31M",1213996,0.0455677,0.0539796,-0.282895
"166",0,"LAO01M",0,"E32M",1161938,0.0469268,0.0563145,-0.280133
"167",0,"LAO01M",0,"E33M",950394,0.049289,0.0537146,-0.219406
"168",0,"LAO01M",0,"E34M",1208741,0.0461397,0.0565688,-0.302755
"169",0,"LAO01M",0,"E35M",1216645,0.0575928,0.0331107,-0.0618186
"170",0,"LAO01M",0,"E36F",1153940,0.0462996,0.0579216,-0.310845
"171",0,"LAO01M",0,"E37F",1209339,0.0360155,0.0658682,-0.602738
"172",0,"LAO03M",0,"E10F",1144485,0.0304521,0.0935512,-0.736213
"173",0,"LAO03M",0,"E13M",1142256,0.038325,0.0848426,-0.595341
"174",0,"LAO03M",0,"E14F",1172625,0.0266633,0.0961023,-0.968033
"175",0,"LAO03M",0,"E18F",1166209,0.0394612,0.0771937,-0.55035
"176",0,"LAO03M",0,"E19M",1106497,0.0380001,0.0767232,-0.537353
"177",0,"LAO03M",0,"E24M",1164711,0.03715,0.0841797,-0.588987
"178",0,"LAO03M",0,"E25F",1099237,0.0399841,0.0840519,-0.581326
"179",0,"LAO03M",0,"E27M",1027776,0.0406227,0.0741504,-0.523116
"180",0,"LAO03M",0,"E28F",1097282,0.0405156,0.0843885,-0.59125
"181",0,"LAO03M",0,"E29M",1163728,0.0355306,0.0850517,-0.615037
"182",0,"LAO03M",0,"E30M",1153438,0.0447089,0.0769075,-0.529113
"183",0,"LAO03M",0,"E31M",1170937,0.0402882,0.0857143,-0.585861
"184",0,"LAO03M",0,"E32M",1119987,0.0389487,0.0850465,-0.592865
"185",0,"LAO03M",0,"E33M",914553,0.0391634,0.0809412,-0.578643
"186",0,"LAO03M",0,"E34M",1166059,0.0371851,0.0854382,-0.597524
"187",0,"LAO03M",0,"E35M",1173370,0.0481485,0.0611043,-0.400847
"188",0,"LAO03M",0,"E36F",1113324,0.0362743,0.0837456,-0.590997
"189",0,"LAO03M",0,"E37F",1166580,0.0308217,0.0962017,-0.899025
"190",0,"LAO03M",0,"LAO01M",1170298,0.0573649,0.0242776,-0.0042729
"191",0,"LAO06M",0,"E10F",1182735,0.0346849,0.0681082,-0.481116
"192",0,"LAO06M",0,"E13M",1180515,0.0407644,0.0573462,-0.34912
"193",0,"LAO06M",0,"E14F",1211266,0.027548,0.0759065,-0.737886
"194",0,"LAO06M",0,"E18F",1204883,0.0439777,0.0569864,-0.357584
"195",0,"LAO06M",0,"E19M",1142640,0.0411599,0.0625796,-0.403523
"196",0,"LAO06M",0,"E24M",1203372,0.0370285,0.0593532,-0.377311
"197",0,"LAO06M",0,"E25F",1136449,0.0426618,0.0571561,-0.340411
"198",0,"LAO06M",0,"E27M",1063700,0.045338,0.056891,-0.355171
"199",0,"LAO06M",0,"E28F",1134475,0.0401551,0.0601476,-0.388185
"200",0,"LAO06M",0,"E29M",1202409,0.0410343,0.0640888,-0.412326
"201",0,"LAO06M",0,"E30M",1191912,0.0416314,0.0517966,-0.327764
"202",0,"LAO06M",0,"E31M",1209492,0.0382971,0.0604493,-0.377921
"203",0,"LAO06M",0,"E32M",1157717,0.0387297,0.0640191,-0.414696
"204",0,"LAO06M",0,"E33M",946808,0.0422652,0.0607547,-0.395252
"205",0,"LAO06M",0,"E34M",1204261,0.040169,0.0591234,-0.358946
"206",0,"LAO06M",0,"E35M",1212100,0.0477956,0.0386577,-0.209544
"207",0,"LAO06M",0,"E36F",1149654,0.0381828,0.0628867,-0.401506
"208",0,"LAO06M",0,"E37F",1204873,0.0270012,0.0694671,-0.634395
"209",0,"LAO06M",0,"LAO01M",1209010,0.0614743,0.0181876,0.0644022
"210",0,"LAO06M",0,"LAO03M",1165853,0.0480326,0.0265986,-0.0249686
"211",0,"LO01F",0,"E10F",1183029,0.0503521,0.021439,-0.0766664
"212",0,"LO01F",0,"E13M",1180804,0.0559263,0.0267919,-0.0507014
"213",0,"LO01F",0,"E14F",1211651,0.0407023,0.0395584,-0.386305
"214",0,"LO01F",0,"E18F",1205228,0.0630968,0.025469,0.00995805
"215",0,"LO01F",0,"E19M",1143547,0.0557598,0.0345758,-0.10333
"216",0,"LO01F",0,"E24M",1203690,0.0546553,0.0298316,-0.0864992
"217",0,"LO01F",0,"E25F",1136645,0.0576574,0.0281363,-0.0531295
"218",0,"LO01F",0,"E27M",1063612,0.0630399,0.027557,0.000528822
"219",0,"LO01F",0,"E28F",1134591,0.0622022,0.021978,0.0224771
"220",0,"LO01F",0,"E29M",1202692,0.0599655,0.0220356,0.00775868
"221",0,"LO01F",0,"E30M",1192110,0.0631578,0.0249985,0.0180824
"222",0,"LO01F",0,"E31M",1209932,0.0546279,0.0284363,-0.0799182
"223",0,"LO01F",0,"E32M",1157947,0.0568783,0.0264865,-0.0466404
"224",0,"LO01F",0,"E33M",947057,0.0623342,0.0283689,-0.0142617
"225",0,"LO01F",0,"E34M",1204722,0.0538191,0.0282671,-0.0826376
"226",0,"LO01F",0,"E35M",1212502,0.0866456,0.00851792,0.221687
"227",0,"LO01F",0,"E36F",1150403,0.0554362,0.0296122,-0.0851834
"228",0,"LO01F",0,"E37F",1205368,0.0460274,0.03465,-0.280235
"229",0,"LO01F",0,"LAO01M",1209270,0.0579904,0.0292011,-0.0416889
"230",0,"LO01F",0,"LAO03M",1166353,0.0483344,0.0532677,-0.344406
"231",0,"LO01F",0,"LAO06M",1204776,0.0482671,0.0373762,-0.208571
"232",0,"LO03M",0,"E10F",1164038,0.0520756,0.014094,0.0638457
"233",0,"LO03M",0,"E13M",1161832,0.0494409,0.0259495,-0.0136888
"234",0,"LO03M",0,"E14F",1192194,0.0350354,0.0405764,-0.350665
"235",0,"LO03M",0,"E18F",1185812,0.0568429,0.0240527,0.0157654
"236",0,"LO03M",0,"E19M",1124427,0.0472463,0.030982,-0.0602568
"237",0,"LO03M",0,"E24M",1184399,0.0494504,0.0327339,-0.0736453
"238",0,"LO03M",0,"E25F",1118172,0.0526905,0.0280976,-0.0169366
"239",0,"LO03M",0,"E27M",1046551,0.0540853,0.025779,-0.0154076
"240",0,"LO03M",0,"E28F",1116601,0.0570786,0.0164338,0.0864372
"241",0,"LO03M",0,"E29M",1183390,0.0551331,0.0156897,0.0916815
"242",0,"LO03M",0,"E30M",1173041,0.0544695,0.0223965,0.0140904
"243",0,"LO03M",0,"E31M",1190363,0.0472234,0.028519,-0.0534157
"244",0,"LO03M",0,"E32M",1139341,0.0510102,0.022685,0.0163737
"245",0,"LO03M",0,"E33M",931501,0.0561073,0.0266258,-0.00848036
"246",0,"LO03M",0,"E34M",1185155,0.0464403,0.0265147,-0.0403246
"247",0,"LO03M",0,"E35M",1192999,0.0613756,0.0200193,0.0386571
"248",0,"LO03M",0,"E36F",1131199,0.0490656,0.0290356,-0.0492347
"249",0,"LO03M",0,"E37F",1185755,0.0427095,0.0323566,-0.200489
"250",0,"LO03M",0,"LAO01M",1189826,0.0476944,0.0561553,-0.263581
"251",0,"LO03M",0,"LAO03M",1147075,0.0397777,0.0824279,-0.572613
"252",0,"LO03M",0,"LAO06M",1185409,0.0419509,0.0623388,-0.392019
"253",0,"LO03M",0,"LO01F",1185751,0.0679536,0.000245414,0.207806
"254",0,"LO04M",0,"E10F",1172788,0.0399987,0.059211,-0.428566
"255",0,"LO04M",0,"E13M",1170567,0.0486884,0.0524361,-0.244502
"256",0,"LO04M",0,"E14F",1201052,0.0360509,0.0667798,-0.656695
"257",0,"LO04M",0,"E18F",1194739,0.05055,0.0514556,-0.190002
"258",0,"LO04M",0,"E19M",1132925,0.0489768,0.0546232,-0.24919
"259",0,"LO04M",0,"E24M",1193315,0.0467957,0.0529148,-0.267109
"260",0,"LO04M",0,"E25F",1126653,0.0465378,0.0494083,-0.226796
"261",0,"LO04M",0,"E27M",1054331,0.0520671,0.0497149,-0.175383
"262",0,"LO04M",0,"E28F",1124833,0.048232,0.0548499,-0.242778
"263",0,"LO04M",0,"E29M",1192243,0.0470852,0.0558384,-0.26888
"264",0,"LO04M",0,"E30M",1181813,0.0506662,0.0466597,-0.158077
"265",0,"LO04M",0,"E31M",1199289,0.0453369,0.0519241,-0.272549
"266",0,"LO04M",0,"E32M",1147783,0.0451,0.0558416,-0.289284
"267",0,"LO04M",0,"E33M",938473,0.051132,0.0546846,-0.20771
"268",0,"LO04M",0,"E34M",1194034,0.0443756,0.0528637,-0.285771
"269",0,"LO04M",0,"E35M",1201911,0.0602748,0.0362614,-0.0680589
"270",0,"LO04M",0,"E36F",1139808,0.0443557,0.0560024,-0.309043
"271",0,"LO04M",0,"E37F",1194644,0.0332969,0.0642886,-0.608404
"272",0,"LO04M",0,"LAO01M",1198824,0.0668931,0.00890456,0.175807
"273",0,"LO04M",0,"LAO03M",1155791,0.0507678,0.0126044,0.0617144
"274",0,"LO04M",0,"LAO06M",1194294,0.0634082,0.000252869,0.22289
"275",0,"LO04M",0,"LO01F",1194607,0.0617165,0.0320951,-0.0426111
"276",0,"LO04M",0,"LO03M",1175422,0.0469023,0.0539517,-0.255512
"277",0,"OF289",0,"E10F",1146969,0.0466368,0.0520014,-0.397408
"278",0,"OF289",0,"E13M",1144716,0.0563764,0.0457764,-0.219041
"279",0,"OF289",0,"E14F",1174811,0.0407342,0.0584247,-0.618852
"280",0,"OF289",0,"E18F",1168544,0.0625899,0.0455079,-0.155906
"281",0,"OF289",0,"E19M",1107296,0.0588271,0.047933,-0.214791
"282",0,"OF289",0,"E24M",1167025,0.0538652,0.0457402,-0.238811
"283",0,"OF289",0,"E25F",1101816,0.0585098,0.0450638,-0.20231
"284",0,"OF289",0,"E27M",1030404,0.0634353,0.0419583,-0.117391
"285",0,"OF289",0,"E28F",1099897,0.0575999,0.046898,-0.202115
"286",0,"OF289",0,"E29M",1166097,0.0555803,0.0461968,-0.217496
"287",0,"OF289",0,"E30M",1155913,0.0623447,0.040093,-0.110975
"288",0,"OF289",0,"E31M",1172905,0.0532413,0.045597,-0.247475
"289",0,"OF289",0,"E32M",1122577,0.0541451,0.0472164,-0.241973
"290",0,"OF289",0,"E33M",916638,0.063566,0.0476317,-0.164462
"291",0,"OF289",0,"E34M",1167886,0.0531893,0.0482076,-0.270653
"292",0,"OF289",0,"E35M",1175563,0.0684174,0.0291954,0.00708886
"293",0,"OF289",0,"E36F",1114222,0.0552637,0.0511666,-0.283288
"294",0,"OF289",0,"E37F",1168505,0.0429326,0.0562736,-0.55009
"295",0,"OF289",0,"LAO01M",1172444,0.085471,0.0112202,0.173762
"296",0,"OF289",0,"LAO03M",1130116,0.0668436,0.00036014,0.175264
"297",0,"OF289",0,"LAO06M",1168130,0.0743325,0.00424353,0.172465
"298",0,"OF289",0,"LO01F",1168386,0.0739182,0.0257355,0.0551256
"299",0,"OF289",0,"LO03M",1149693,0.0583512,0.0437934,-0.188199
"300",0,"OF289",0,"LO04M",1158368,0.098606,0.000324595,0.301654
"301",0,"OF304",0,"E10F",1167061,0.0460482,0.0475048,-0.354927
"302",0,"OF304",0,"E13M",1164890,0.0549606,0.0405704,-0.179088
"303",0,"OF304",0,"E14F",1195335,0.03987,0.0522925,-0.551235
"304",0,"OF304",0,"E18F",1188951,0.0620312,0.0375398,-0.0967768
"305",0,"OF304",0,"E19M",1127239,0.0577748,0.0435719,-0.181439
"306",0,"OF304",0,"E24M",1187415,0.0540367,0.0416805,-0.201566
"307",0,"OF304",0,"E25F",1121149,0.056814,0.039596,-0.162942
"308",0,"OF304",0,"E27M",1049225,0.0632133,0.0370721,-0.0807031
"309",0,"OF304",0,"E28F",1119486,0.0590887,0.0424632,-0.159634
"310",0,"OF304",0,"E29M",1186508,0.0561741,0.0433819,-0.189666
"311",0,"OF304",0,"E30M",1176119,0.0650801,0.0349259,-0.0615186
"312",0,"OF304",0,"E31M",1193639,0.0548466,0.041149,-0.201084
"313",0,"OF304",0,"E32M",1142428,0.0572876,0.0427397,-0.190704
"314",0,"OF304",0,"E33M",933725,0.06224,0.0407904,-0.117431
"315",0,"OF304",0,"E34M",1188315,0.0530162,0.0407712,-0.2063
"316",0,"OF304",0,"E35M",1196172,0.0679727,0.0206099,0.0653675
"317",0,"OF304",0,"E36F",1134199,0.0557354,0.0449295,-0.226729
"318",0,"OF304",0,"E37F",1188954,0.0413019,0.0498076,-0.486087
"319",0,"OF304",0,"LAO01M",1193018,0.0964663,0.000211229,0.299405
"320",0,"OF304",0,"LAO03M",1150269,0.0667939,0.0228173,-0.0159069
"321",0,"OF304",0,"LAO06M",1188709,0.0796915,0.000200217,0.235337
"322",0,"OF304",0,"LO01F",1188982,0.0746319,0.0218346,0.0856553
"323",0,"OF304",0,"LO03M",1169752,0.057413,0.0416157,-0.171346
"324",0,"OF304",0,"LO04M",1178513,0.0800246,0.00939574,0.172306
"325",0,"OF304",0,"OF289",1152939,0.103163,0.00531945,0.276692
"326",0,"OM258",0,"E10F",990007,0.0417108,0.0495128,-0.336651
"327",0,"OM258",0,"E13M",987952,0.0502383,0.0437582,-0.173376
"328",0,"OM258",0,"E14F",1014447,0.0347519,0.0522058,-0.50949
"329",0,"OM258",0,"E18F",1009025,0.0545299,0.0397195,-0.0944971
"330",0,"OM258",0,"E19M",954674,0.0494064,0.0468746,-0.190674
"331",0,"OM258",0,"E24M",1007585,0.0490619,0.0437313,-0.187922
"332",0,"OM258",0,"E25F",949927,0.048928,0.0465341,-0.199457
"333",0,"OM258",0,"E27M",887397,0.0560369,0.0395133,-0.0829392
"334",0,"OM258",0,"E28F",948285,0.0516965,0.0458111,-0.165509
"335",0,"OM258",0,"E29M",1006866,0.0496948,0.0458164,-0.185104
"336",0,"OM258",0,"E30M",997692,0.0567299,0.0387685,-0.0738567
"337",0,"OM258",0,"E31M",1012985,0.0458506,0.0430026,-0.201858
"338",0,"OM258",0,"E32M",968363,0.0505389,0.0466777,-0.199399
"339",0,"OM258",0,"E33M",786901,0.0547019,0.0450107,-0.130283
"340",0,"OM258",0,"E34M",1008321,0.0476188,0.0464098,-0.224234
"341",0,"OM258",0,"E35M",1015366,0.062475,0.0235403,0.035352
"342",0,"OM258",0,"E36F",960239,0.0485858,0.0459646,-0.213468
"343",0,"OM258",0,"E37F",1008846,0.0350747,0.0554842,-0.51274
"344",0,"OM258",0,"LAO01M",1012516,0.0595033,0.0289408,-0.003963
"345",0,"OM258",0,"LAO03M",974640,0.0506597,0.0482147,-0.253088
"346",0,"OM258",0,"LAO06M",1008824,0.0482393,0.0312651,-0.118618
"347",0,"OM258",0,"LO01F",1008707,0.0674319,0.0274629,0.0147777
"348",0,"OM258",0,"LO03M",992290,0.0497667,0.0387145,-0.130661
"349",0,"OM258",0,"LO04M",1000046,0.064429,0.0317575,-0.000289082
"350",0,"OM258",0,"OF289",977688,0.0745647,0.0217339,0.0620145
"351",0,"OM258",0,"OF304",995192,0.0808769,0.0140415,0.142538
"352",0,"OM270",0,"E10F",1139511,0.0490403,0.0550139,-0.423394
"353",0,"OM270",0,"E13M",1137388,0.0589131,0.0503935,-0.253955
"354",0,"OM270",0,"E14F",1167167,0.0426014,0.05796,-0.614541
"355",0,"OM270",0,"E18F",1160842,0.0628914,0.0433125,-0.146142
"356",0,"OM270",0,"E19M",1100104,0.0623696,0.0488736,-0.216531
"357",0,"OM270",0,"E24M",1159390,0.0567799,0.0490206,-0.261795
"358",0,"OM270",0,"E25F",1094576,0.0568914,0.0482516,-0.24233
"359",0,"OM270",0,"E27M",1023941,0.0638982,0.0430835,-0.131952
"360",0,"OM270",0,"E28F",1092683,0.0597721,0.0499504,-0.225477
"361",0,"OM270",0,"E29M",1158612,0.0568775,0.0511793,-0.259213
"362",0,"OM270",0,"E30M",1148300,0.064322,0.0423078,-0.127342
"363",0,"OM270",0,"E31M",1165374,0.057621,0.048176,-0.259004
"364",0,"OM270",0,"E32M",1115317,0.0576401,0.0511837,-0.26842
"365",0,"OM270",0,"E33M",910467,0.0609336,0.0467892,-0.17465
"366",0,"OM270",0,"E34M",1160344,0.0548199,0.0488976,-0.277641
"367",0,"OM270",0,"E35M",1167900,0.0724403,0.0274809,0.0245365
"368",0,"OM270",0,"E36F",1106796,0.0546261,0.0488825,-0.276087
"369",0,"OM270",0,"E37F",1160805,0.0424068,0.0569303,-0.56998
"370",0,"OM270",0,"LAO01M",1164951,0.0974977,0.00026353,0.291342
"371",0,"OM270",0,"LAO03M",1122853,0.077377,0.000299238,0.212975
"372",0,"OM270",0,"LAO06M",1160686,0.0754941,0.0138435,0.0844696
"373",0,"OM270",0,"LO01F",1160736,0.0729244,0.0229199,0.0633144
"374",0,"OM270",0,"LO03M",1142097,0.0595991,0.0499958,-0.239774
"375",0,"OM270",0,"LO04M",1150768,0.0940989,0.000323262,0.277592
"376",0,"OM270",0,"OF289",1125823,0.0907265,0.000497414,0.261568
"377",0,"OM270",0,"OF304",1145269,0.0923067,0.000385062,0.267344
"378",0,"OM270",0,"OM258",970788,0.0756684,0.0236293,0.0450551
"379",0,"OM274",0,"E10F",1166144,0.0457319,0.045629,-0.317838
"380",0,"OM274",0,"E13M",1163928,0.0541666,0.0426882,-0.179433
"381",0,"OM274",0,"E14F",1194514,0.0407965,0.0510693,-0.509118
"382",0,"OM274",0,"E18F",1188085,0.0594318,0.0368383,-0.0832884
"383",0,"OM274",0,"E19M",1127280,0.0541037,0.043565,-0.176974
"384",0,"OM274",0,"E24M",1186644,0.0522229,0.0420825,-0.192172
"385",0,"OM274",0,"E25F",1120203,0.0524432,0.041538,-0.176005
"386",0,"OM274",0,"E27M",1047976,0.0599871,0.0405992,-0.0996649
"387",0,"OM274",0,"E28F",1118095,0.0565363,0.0402989,-0.134245
"388",0,"OM274",0,"E29M",1185613,0.0531615,0.0413533,-0.166212
"389",0,"OM274",0,"E30M",1175069,0.059822,0.032353,-0.0441048
"390",0,"OM274",0,"E31M",1192829,0.052347,0.041508,-0.193864
"391",0,"OM274",0,"E32M",1141176,0.0560781,0.0428689,-0.178019
"392",0,"OM274",0,"E33M",932988,0.0563437,0.0384496,-0.104066
"393",0,"OM274",0,"E34M",1187769,0.0497235,0.0410947,-0.202104
"394",0,"OM274",0,"E35M",1195314,0.0659375,0.021289,0.0708354
"395",0,"OM274",0,"E36F",1134318,0.0511012,0.0420394,-0.201864
"396",0,"OM274",0,"E37F",1188315,0.0387111,0.049364,-0.469346
"397",0,"OM274",0,"LAO01M",1192070,0.0738874,0.0220432,0.0731588
"398",0,"OM274",0,"LAO03M",1150027,0.0554474,0.0311767,-0.117736
"399",0,"OM274",0,"LAO06M",1187685,0.0650821,0.0234347,-0.00981681
"400",0,"OM274",0,"LO01F",1188252,0.0692521,0.0214231,0.0831954
"401",0,"OM274",0,"LO03M",1168724,0.0547999,0.0390152,-0.142658
"402",0,"OM274",0,"LO04M",1177591,0.0739289,0.0187179,0.101285
"403",0,"OM274",0,"OF289",1151411,0.0818057,0.0141869,0.153524
"404",0,"OM274",0,"OF304",1171762,0.0874777,0.0136828,0.178389
"405",0,"OM274",0,"OM258",993532,0.0718507,0.0196964,0.0884651
"406",0,"OM274",0,"OM270",1143985,0.101591,0.0125133,0.221572
"407",0,"OM276",0,"E10F",1175812,0.0451526,0.0451203,-0.279338
"408",0,"OM276",0,"E13M",1173625,0.0514994,0.0379994,-0.123114
"409",0,"OM276",0,"E14F",1204201,0.0370951,0.0542268,-0.519122
"410",0,"OM276",0,"E18F",1197756,0.0545478,0.037253,-0.0757753
"411",0,"OM276",0,"E19M",1135938,0.0520847,0.0451389,-0.166904
"412",0,"OM276",0,"E24M",1196384,0.0511642,0.0398735,-0.147423
"413",0,"OM276",0,"E25F",1129623,0.051303,0.0409278,-0.145132
"414",0,"OM276",0,"E27M",1057233,0.0551865,0.0356336,-0.0593739
"415",0,"OM276",0,"E28F",1127780,0.0529057,0.0399413,-0.116133
"416",0,"OM276",0,"E29M",1195396,0.0509781,0.0408869,-0.140828
"417",0,"OM276",0,"E30M",1184819,0.0552076,0.0344424,-0.0493487
"418",0,"OM276",0,"E31M",1202421,0.0484431,0.0395444,-0.161994
"419",0,"OM276",0,"E32M",1150904,0.0491084,0.0403856,-0.154195
"420",0,"OM276",0,"E33M",941122,0.0543447,0.0406706,-0.0992955
"421",0,"OM276",0,"E34M",1197189,0.0481845,0.0431954,-0.193596
"422",0,"OM276",0,"E35M",1205061,0.0644507,0.0180854,0.0809425
"423",0,"OM276",0,"E36F",1142996,0.0469827,0.0400841,-0.170992
"424",0,"OM276",0,"E37F",1197820,0.0368995,0.0509559,-0.455054
"425",0,"OM276",0,"LAO01M",1201890,0.0602867,0.0333774,-0.0328129
"426",0,"OM276",0,"LAO03M",1158989,0.0484543,0.0537581,-0.310389
"427",0,"OM276",0,"LAO06M",1197462,0.0518062,0.0360521,-0.144601
"428",0,"OM276",0,"LO01F",1197768,0.0644348,0.0208605,0.0509838
"429",0,"OM276",0,"LO03M",1178495,0.052881,0.0387443,-0.117533
"430",0,"OM276",0,"LO04M",1187303,0.0616414,0.0330581,-0.0192318
"431",0,"OM276",0,"OF289",1161345,0.0700343,0.0231335,0.0362289
"432",0,"OM276",0,"OF304",1181551,0.0758283,0.0187601,0.0917605
"433",0,"OM276",0,"OM258",1002627,0.07461,0.000463782,0.260965
"434",0,"OM276",0,"OM270",1153906,0.0755772,0.0285613,0.00947604
"435",0,"OM276",0,"OM274",1180689,0.0702293,0.0233787,0.0564254
"436",0,"OM279",0,"E10F",1111918,0.0430427,0.0445024,-0.284664
"437",0,"OM279",0,"E13M",1109807,0.0486913,0.0379561,-0.134754
"438",0,"OM279",0,"E14F",1139410,0.0339623,0.0533179,-0.530158
"439",0,"OM279",0,"E18F",1133221,0.0526199,0.0382988,-0.0918458
"440",0,"OM279",0,"E19M",1075048,0.0489336,0.0457263,-0.184794
"441",0,"OM279",0,"E24M",1131663,0.0487919,0.038576,-0.14817
"442",0,"OM279",0,"E25F",1067728,0.0481743,0.0404242,-0.154717
"443",0,"OM279",0,"E27M",997978,0.0550934,0.0384828,-0.0797832
"444",0,"OM279",0,"E28F",1065589,0.0498748,0.0389616,-0.121461
"445",0,"OM279",0,"E29M",1130701,0.0491589,0.039946,-0.141638
"446",0,"OM279",0,"E30M",1120653,0.0543469,0.0330174,-0.0423712
"447",0,"OM279",0,"E31M",1137826,0.0493749,0.0398655,-0.162235
"448",0,"OM279",0,"E32M",1087747,0.0483421,0.0403246,-0.158282
"449",0,"OM279",0,"E33M",887320,0.052751,0.0405029,-0.104426
"450",0,"OM279",0,"E34M",1133094,0.0464931,0.0432921,-0.202931
"451",0,"OM279",0,"E35M",1140241,0.0682636,0.0107319,0.148361
"452",0,"OM279",0,"E36F",1081917,0.0460183,0.0421511,-0.193544
"453",0,"OM279",0,"E37F",1133409,0.0350721,0.0496467,-0.451974
"454",0,"OM279",0,"LAO01M",1136970,0.0584061,0.0299568,-0.0146906
"455",0,"OM279",0,"LAO03M",1097198,0.0480169,0.051009,-0.289839
"456",0,"OM279",0,"LAO06M",1132632,0.0506802,0.0330796,-0.124261
"457",0,"OM279",0,"LO01F",1133386,0.0690921,0.0162178,0.102226
"458",0,"OM279",0,"LO03M",1114341,0.0506981,0.0394673,-0.133063
"459",0,"OM279",0,"LO04M",1122806,0.0608654,0.034298,-0.0316949
"460",0,"OM279",0,"OF289",1097780,0.0693372,0.0210962,0.0490364
"461",0,"OM279",0,"OF304",1117511,0.0773567,0.0174862,0.107828
"462",0,"OM279",0,"OM258",945365,0.0711027,0.000436868,0.250174
"463",0,"OM279",0,"OM270",1090688,0.0725881,0.0273195,0.00880523
"464",0,"OM279",0,"OM274",1117567,0.0709837,0.0238429,0.057017
"465",0,"OM279",0,"OM276",1125880,0.085669,0.00364959,0.281425
"466",0,"OM283",0,"E10F",1161750,0.0308922,0.0564106,-0.386401
"467",0,"OM283",0,"E13M",1159523,0.0403873,0.0464708,-0.261721
"468",0,"OM283",0,"E14F",1189824,0.0322594,0.0664485,-0.605625
"469",0,"OM283",0,"E18F",1183443,0.0419978,0.0472849,-0.287808
"470",0,"OM283",0,"E19M",1121960,0.0404515,0.0538932,-0.336572
"471",0,"OM283",0,"E24M",1181828,0.0389515,0.0526515,-0.316887
"472",0,"OM283",0,"E25F",1115946,0.0394526,0.0470094,-0.271291
"473",0,"OM283",0,"E27M",1044050,0.0451588,0.0468311,-0.276
"474",0,"OM283",0,"E28F",1114021,0.0401276,0.0488411,-0.295906
"475",0,"OM283",0,"E29M",1181089,0.0394399,0.0506524,-0.308452
"476",0,"OM283",0,"E30M",1170698,0.0442411,0.044763,-0.261319
"477",0,"OM283",0,"E31M",1188048,0.0391651,0.0524777,-0.311337
"478",0,"OM283",0,"E32M",1137039,0.0382599,0.0504829,-0.304981
"479",0,"OM283",0,"E33M",929256,0.0413804,0.0493545,-0.305817
"480",0,"OM283",0,"E34M",1182825,0.0385535,0.0507167,-0.298153
"481",0,"OM283",0,"E35M",1190589,0.0487481,0.0367516,-0.193991
"482",0,"OM283",0,"E36F",1128726,0.0403163,0.0528374,-0.312372
"483",0,"OM283",0,"E37F",1183319,0.0269293,0.0611137,-0.543496
"484",0,"OM283",0,"LAO01M",1187518,0.0497534,0.0396895,-0.179735
"485",0,"OM283",0,"LAO03M",1144993,0.0460029,0.0637026,-0.366549
"486",0,"OM283",0,"LAO06M",1183208,0.0432435,0.0376231,-0.144736
"487",0,"OM283",0,"LO01F",1183414,0.0500856,0.0349142,-0.183819
"488",0,"OM283",0,"LO03M",1164264,0.0415834,0.0494003,-0.287622
"489",0,"OM283",0,"LO04M",1173018,0.0477827,0.0381699,-0.181373
"490",0,"OM283",0,"OF289",1147477,0.0602958,0.0186156,-0.0169307
"491",0,"OM283",0,"OF304",1167669,0.0641877,0.0175452,0.0131047
"492",0,"OM283",0,"OM258",990217,0.0620076,0.0196422,0.0397683
"493",0,"OM283",0,"OM270",1140026,0.060974,0.0419236,-0.230078
"494",0,"OM283",0,"OM274",1166341,0.0565469,0.0287395,-0.0976994
"495",0,"OM283",0,"OM276",1176224,0.0520114,0.0262025,-0.0612568
"496",0,"OM283",0,"OM279",1112220,0.0494695,0.0258987,-0.0700138
"497",0,"OM290",0,"E10F",1139311,0.0415699,0.0516637,-0.343502
"498",0,"OM290",0,"E13M",1137117,0.046734,0.0412042,-0.157569
"499",0,"OM290",0,"E14F",1166856,0.0356162,0.0578992,-0.552651
"500",0,"OM290",0,"E18F",1160636,0.0513839,0.0426292,-0.131187
"501",0,"OM290",0,"E19M",1099951,0.0487513,0.0499813,-0.207089
"502",0,"OM290",0,"E24M",1159190,0.0461943,0.0415324,-0.17066
"503",0,"OM290",0,"E25F",1094228,0.0481481,0.0447219,-0.177608
"504",0,"OM290",0,"E27M",1023510,0.0532393,0.0422253,-0.1262
"505",0,"OM290",0,"E28F",1092485,0.0486533,0.0429535,-0.145351
"506",0,"OM290",0,"E29M",1158332,0.0456743,0.0452962,-0.186154
"507",0,"OM290",0,"E30M",1148062,0.0528177,0.0371478,-0.0896921
"508",0,"OM290",0,"E31M",1165104,0.0471623,0.0440905,-0.194439
"509",0,"OM290",0,"E32M",1114959,0.0477174,0.0446608,-0.183952
"510",0,"OM290",0,"E33M",910602,0.0515406,0.0445244,-0.141408
"511",0,"OM290",0,"E34M",1160109,0.0467887,0.0465749,-0.217401
"512",0,"OM290",0,"E35M",1167690,0.0614966,0.0222071,0.0327745
"513",0,"OM290",0,"E36F",1106796,0.0457826,0.0464006,-0.216565
"514",0,"OM290",0,"E37F",1160478,0.0338154,0.0549386,-0.499349
"515",0,"OM290",0,"LAO01M",1164574,0.0576898,0.0290733,-0.0019579
"516",0,"OM290",0,"LAO03M",1122502,0.0494396,0.0478841,-0.243212
"517",0,"OM290",0,"LAO06M",1160296,0.0508672,0.032459,-0.106123
"518",0,"OM290",0,"LO01F",1160593,0.0630049,0.0263684,-0.0019789
"519",0,"OM290",0,"LO03M",1141767,0.0473564,0.0439039,-0.169399
"520",0,"OM290",0,"LO04M",1150482,0.0565919,0.0294659,-0.0144094
"521",0,"OM290",0,"OF289",1125381,0.06769,0.0212106,0.0340792
"522",0,"OM290",0,"OF304",1144947,0.0731588,0.0155588,0.0995489
"523",0,"OM290",0,"OM258",970673,0.0629749,0.00729906,0.168193
"524",0,"OM290",0,"OM270",1118093,0.0741459,0.0227396,0.0382924
"525",0,"OM290",0,"OM274",1143720,0.0755368,0.0156183,0.126718
"526",0,"OM290",0,"OM276",1153690,0.0660264,0.0123863,0.143259
"527",0,"OM290",0,"OM279",1089996,0.0729627,0.000245872,0.260347
"528",0,"OM290",0,"OM283",1139653,0.0533373,0.0267064,-0.0483693
"529",0,"OM292",0,"E10F",1094452,0.0384539,0.0538617,-0.367724
"530",0,"OM292",0,"E13M",1092298,0.0464635,0.0416471,-0.152333
"531",0,"OM292",0,"E14F",1121197,0.0379532,0.0623735,-0.576666
"532",0,"OM292",0,"E18F",1115094,0.049229,0.0449289,-0.170283
"533",0,"OM292",0,"E19M",1056094,0.047742,0.050415,-0.204924
"534",0,"OM292",0,"E24M",1113788,0.0429687,0.042702,-0.183939
"535",0,"OM292",0,"E25F",1051093,0.0463803,0.046328,-0.187895
"536",0,"OM292",0,"E27M",982567,0.0499406,0.0441222,-0.167985
"537",0,"OM292",0,"E28F",1049170,0.0511509,0.0488901,-0.18154
"538",0,"OM292",0,"E29M",1112863,0.0461872,0.0498246,-0.210451
"539",0,"OM292",0,"E30M",1103119,0.0516517,0.0415685,-0.139841
"540",0,"OM292",0,"E31M",1119317,0.0454938,0.046079,-0.207782
"541",0,"OM292",0,"E32M",1070923,0.0471836,0.0497533,-0.217426
"542",0,"OM292",0,"E33M",873341,0.0501591,0.0473389,-0.184761
"543",0,"OM292",0,"E34M",1114346,0.0437871,0.0493572,-0.242628
"544",0,"OM292",0,"E35M",1122015,0.0596186,0.0211147,0.0263374
"545",0,"OM292",0,"E36F",1062585,0.0437979,0.0490003,-0.236849
"546",0,"OM292",0,"E37F",1115015,0.035308,0.0580755,-0.512091
"547",0,"OM292",0,"LAO01M",1118912,0.0596124,0.0300077,-0.0101415
"548",0,"OM292",0,"LAO03M",1078009,0.0486601,0.0437575,-0.20084
"549",0,"OM292",0,"LAO06M",1114840,0.0483056,0.0276874,-0.0657337
"550",0,"OM292",0,"LO01F",1114973,0.0579817,0.0263719,-0.0303564
"551",0,"OM292",0,"LO03M",1096897,0.0469634,0.0459998,-0.177895
"552",0,"OM292",0,"LO04M",1105293,0.0606816,0.0275438,0.0068187
"553",0,"OM292",0,"OF289",1081199,0.0708463,0.0185063,0.059237
"554",0,"OM292",0,"OF304",1099992,0.0702332,0.0158719,0.0808142
"555",0,"OM292",0,"OM258",931630,0.0585941,0.0115861,0.115968
"556",0,"OM292",0,"OM270",1074115,0.076908,0.0227127,0.0418631
"557",0,"OM292",0,"OM274",1098509,0.0670008,0.0113463,0.122177
"558",0,"OM292",0,"OM276",1108353,0.0611222,0.0135977,0.111535
"559",0,"OM292",0,"OM279",1046731,0.0627955,0.000359214,0.220773
"560",0,"OM292",0,"OM283",1094990,0.0490178,0.030266,-0.088926
"561",0,"OM292",0,"OM290",1073929,0.0747619,0.00658703,0.22623
"562",0,"OM301",0,"E10F",1156220,0.0459653,0.0489016,-0.360927
"563",0,"OM301",0,"E13M",1153947,0.0562747,0.0393432,-0.159027
"564",0,"OM301",0,"E14F",1184189,0.0415288,0.0557656,-0.571661
"565",0,"OM301",0,"E18F",1177871,0.0577839,0.0385611,-0.113993
"566",0,"OM301",0,"E19M",1116729,0.056713,0.043622,-0.17981
"567",0,"OM301",0,"E24M",1176422,0.0533236,0.0393864,-0.179623
"568",0,"OM301",0,"E25F",1110673,0.0558634,0.0421924,-0.181
"569",0,"OM301",0,"E27M",1038834,0.06036,0.0376682,-0.0895437
"570",0,"OM301",0,"E28F",1108670,0.0567689,0.0444542,-0.177432
"571",0,"OM301",0,"E29M",1175432,0.0546744,0.0463149,-0.211512
"572",0,"OM301",0,"E30M",1165121,0.0613087,0.0358109,-0.0752469
"573",0,"OM301",0,"E31M",1182445,0.0538554,0.0415723,-0.202391
"574",0,"OM301",0,"E32M",1131591,0.0546797,0.0444684,-0.208019
"575",0,"OM301",0,"E33M",924647,0.058962,0.0442753,-0.148158
"576",0,"OM301",0,"E34M",1177273,0.0535908,0.0435515,-0.220136
"577",0,"OM301",0,"E35M",1185038,0.0694113,0.0241849,0.0517225
"578",0,"OM301",0,"E36F",1123708,0.0534952,0.0450064,-0.230403
"579",0,"OM301",0,"E37F",1177861,0.0393068,0.0541218,-0.532899
"580",0,"OM301",0,"LAO01M",1181857,0.0758992,0.0158378,0.113525
"581",0,"OM301",0,"LAO03M",1139368,0.0677209,0.0277285,-0.0473465
"582",0,"OM301",0,"LAO06M",1177492,0.0646697,0.0206031,-0.00143025
"583",0,"OM301",0,"LO01F",1177823,0.0714657,0.0214744,0.0827429
"584",0,"OM301",0,"LO03M",1158920,0.0562696,0.0432454,-0.182465
"585",0,"OM301",0,"LO04M",1167440,0.0773941,0.00844583,0.175309
"586",0,"OM301",0,"OF289",1142001,0.0848379,0.010627,0.187984
"587",0,"OM301",0,"OF304",1161843,0.0896877,0.0130026,0.191363
"588",0,"OM301",0,"OM258",985300,0.0750979,0.0196184,0.0880717
"589",0,"OM301",0,"OM270",1134474,0.112121,0.00754623,0.284071
"590",0,"OM301",0,"OM274",1160883,0.0934685,0.00801287,0.239046
"591",0,"OM301",0,"OM276",1170723,0.0759018,0.0227552,0.0688234
"592",0,"OM301",0,"OM279",1106928,0.0731954,0.0226998,0.06091
"593",0,"OM301",0,"OM283",1156471,0.0584338,0.0270357,-0.0890013
"594",0,"OM301",0,"OM290",1134278,0.0763358,0.0176817,0.101429
"595",0,"OM301",0,"OM292",1089721,0.0752872,0.013888,0.120886
"596",0,"OM318",0,"E10F",1143987,0.0383186,0.0549263,-0.378967
"597",0,"OM318",0,"E13M",1141867,0.0465002,0.0456682,-0.185057
"598",0,"OM318",0,"E14F",1171715,0.0343821,0.0614049,-0.586981
"599",0,"OM318",0,"E18F",1165594,0.0514158,0.0468662,-0.176441
"600",0,"OM318",0,"E19M",1104707,0.0475646,0.0504776,-0.207586
"601",0,"OM318",0,"E24M",1164002,0.0470343,0.0489922,-0.218454
"602",0,"OM318",0,"E25F",1098911,0.0464769,0.0486209,-0.20551
"603",0,"OM318",0,"E27M",1027767,0.0528953,0.0463597,-0.172037
"604",0,"OM318",0,"E28F",1097206,0.0479564,0.0493845,-0.197301
"605",0,"OM318",0,"E29M",1163202,0.0450274,0.0512989,-0.226856
"606",0,"OM318",0,"E30M",1153027,0.0517169,0.0413659,-0.137802
"607",0,"OM318",0,"E31M",1170058,0.0444422,0.0458935,-0.211614
"608",0,"OM318",0,"E32M",1119667,0.0460807,0.0500961,-0.224636
"609",0,"OM318",0,"E33M",914496,0.0516591,0.0509712,-0.205559
"610",0,"OM318",0,"E34M",1164883,0.0438276,0.050478,-0.252597
"611",0,"OM318",0,"E35M",1172684,0.0591259,0.0280587,-0.0283142
"612",0,"OM318",0,"E36F",1111291,0.0444384,0.0514924,-0.256205
"613",0,"OM318",0,"E37F",1165532,0.0347575,0.0620403,-0.558049
"614",0,"OM318",0,"LAO01M",1169477,0.0578857,0.0289266,-0.00858992
"615",0,"OM318",0,"LAO03M",1127455,0.0467531,0.0473917,-0.241958
"616",0,"OM318",0,"LAO06M",1165204,0.0470124,0.0324896,-0.113911
"617",0,"OM318",0,"LO01F",1165370,0.0611351,0.0294619,-0.0413058
"618",0,"OM318",0,"LO03M",1146655,0.0445539,0.0462406,-0.190022
"619",0,"OM318",0,"LO04M",1155372,0.0605969,0.0292122,-0.00581257
"620",0,"OM318",0,"OF289",1130145,0.0723102,0.0237412,0.0251768
"621",0,"OM318",0,"OF304",1149940,0.067247,0.0174009,0.0578589
"622",0,"OM318",0,"OM258",974889,0.0627046,0.0207162,0.0625083
"623",0,"OM318",0,"OM270",1122641,0.0738624,0.0233031,0.0263391
"624",0,"OM318",0,"OM274",1148497,0.0708178,0.0178015,0.0878471
"625",0,"OM318",0,"OM276",1158382,0.056913,0.0242493,0.0140253
"626",0,"OM318",0,"OM279",1095046,0.0521887,0.0240072,-0.00209468
"627",0,"OM318",0,"OM283",1144470,0.0478606,0.0164434,0.0276348
"628",0,"OM318",0,"OM290",1122544,0.0561243,0.0190211,0.0602649
"629",0,"OM318",0,"OM292",1078451,0.0567935,0.0189939,0.0716707
"630",0,"OM318",0,"OM301",1139115,0.0649855,0.00952933,0.11539
"631",0,"OM331",0,"E10F",1015094,0.0641793,0.00993701,0.181171
"632",0,"OM331",0,"E13M",1012937,0.0443108,0.0306426,-0.0899321
"633",0,"OM331",0,"E14F",1040107,0.0327976,0.0404939,-0.331212
"634",0,"OM331",0,"E18F",1034283,0.0535521,0.0215599,0.00108263
"635",0,"OM331",0,"E19M",978571,0.0437475,0.0354241,-0.141066
"636",0,"OM331",0,"E24M",1033082,0.0447912,0.0360726,-0.129112
"637",0,"OM331",0,"E25F",974169,0.0473932,0.0280506,-0.0560879
"638",0,"OM331",0,"E27M",909716,0.0543345,0.0277944,-0.0554286
"639",0,"OM331",0,"E28F",972301,0.0586927,0.0147033,0.0925425
"640",0,"OM331",0,"E29M",1032479,0.0558675,0.0157466,0.0796918
"641",0,"OM331",0,"E30M",1023045,0.0528198,0.0247135,-0.0328123
"642",0,"OM331",0,"E31M",1038445,0.0419454,0.0323811,-0.105636
"643",0,"OM331",0,"E32M",993072,0.05168,0.0228473,0.00907192
"644",0,"OM331",0,"E33M",807049,0.0548653,0.0256812,-0.0292812
"645",0,"OM331",0,"E34M",1033647,0.0473711,0.0327713,-0.0850236
"646",0,"OM331",0,"E35M",1040756,0.060507,0.000391062,0.182064
"647",0,"OM331",0,"E36F",984798,0.0427986,0.0274929,-0.0618189
"648",0,"OM331",0,"E37F",1034322,0.0402902,0.0296262,-0.157081
"649",0,"OM331",0,"LAO01M",1038024,0.0429412,0.056676,-0.333469
"650",0,"OM331",0,"LAO03M",999593,0.0353374,0.0886081,-0.620726
"651",0,"OM331",0,"LAO06M",1034331,0.036295,0.0646128,-0.41311
"652",0,"OM331",0,"LO01F",1034221,0.056281,0.0209269,-0.0207902
"653",0,"OM331",0,"LO03M",1017335,0.0544717,0.0120875,0.105056
"654",0,"OM331",0,"LO04M",1025154,0.0429721,0.0580723,-0.350692
"655",0,"OM331",0,"OF289",1002241,0.0514278,0.0508421,-0.314972
"656",0,"OM331",0,"OF304",1020501,0.0536168,0.044194,-0.246025
"657",0,"OM331",0,"OM258",861982,0.0449963,0.0447248,-0.233795
"658",0,"OM331",0,"OM270",995792,0.0518803,0.0507606,-0.322271
"659",0,"OM331",0,"OM274",1018869,0.0481828,0.0422243,-0.231876
"660",0,"OM331",0,"OM276",1027861,0.0491506,0.0417488,-0.190988
"661",0,"OM331",0,"OM279",970117,0.0443493,0.0397354,-0.195197
"662",0,"OM331",0,"OM283",1015583,0.0353541,0.0566611,-0.355164
"663",0,"OM331",0,"OM290",995342,0.0458255,0.0462625,-0.232963
"664",0,"OM331",0,"OM292",955545,0.0422764,0.0482384,-0.255561
"665",0,"OM331",0,"OM301",1010424,0.0501562,0.0470961,-0.279065
"666",0,"OM331",0,"OM318",999765,0.0406636,0.0507919,-0.282726
"667",0,"Y22F",0,"E10F",1036611,0.046679,0.0223681,-0.0230744
"668",0,"Y22F",0,"E13M",1034603,0.047193,0.029129,-0.0535559
"669",0,"Y22F",0,"E14F",1062955,0.0342677,0.0378436,-0.312591
"670",0,"Y22F",0,"E18F",1057061,0.0564915,0.019715,0.0390675
"671",0,"Y22F",0,"E19M",1002681,0.0459518,0.0318666,-0.0884184
"672",0,"Y22F",0,"E24M",1055676,0.0458843,0.0310881,-0.0699139
"673",0,"Y22F",0,"E25F",994848,0.0482938,0.0272705,-0.034743
"674",0,"Y22F",0,"E27M",929168,0.0520476,0.0288172,-0.0617154
"675",0,"Y22F",0,"E28F",992770,0.0525096,0.0206866,0.0259923
"676",0,"Y22F",0,"E29M",1054583,0.0510638,0.0203692,0.0298802
"677",0,"Y22F",0,"E30M",1045011,0.0499411,0.0264897,-0.0484435
"678",0,"Y22F",0,"E31M",1061553,0.0456558,0.0292581,-0.0542096
"679",0,"Y22F",0,"E32M",1013716,0.048991,0.0261158,-0.0192509
"680",0,"Y22F",0,"E33M",824836,0.0561881,0.0245418,-0.00373083
"681",0,"Y22F",0,"E34M",1057102,0.0476643,0.0308873,-0.0603734
"682",0,"Y22F",0,"E35M",1063711,0.0539282,0.0268889,-0.0571702
"683",0,"Y22F",0,"E36F",1009165,0.0477137,0.0238068,0.000346437
"684",0,"Y22F",0,"E37F",1057549,0.0397646,0.0330415,-0.208225
"685",0,"Y22F",0,"LAO01M",1060639,0.0446872,0.0559672,-0.303655
"686",0,"Y22F",0,"LAO03M",1023412,0.0368522,0.0874516,-0.626035
"687",0,"Y22F",0,"LAO06M",1056460,0.0375301,0.0662713,-0.440347
"688",0,"Y22F",0,"LO01F",1057337,0.0556578,0.0232783,-0.0314219
"689",0,"Y22F",0,"LO03M",1038997,0.0513534,0.017643,0.0539418
"690",0,"Y22F",0,"LO04M",1047373,0.0450871,0.0576805,-0.321257
"691",0,"Y22F",0,"OF289",1023570,0.0539572,0.0539113,-0.313992
"692",0,"Y22F",0,"OF304",1042126,0.0530272,0.0431387,-0.223781
"693",0,"Y22F",0,"OM258",879525,0.0467036,0.047495,-0.235019
"694",0,"Y22F",0,"OM270",1016519,0.0541859,0.0494206,-0.283466
"695",0,"Y22F",0,"OM274",1042419,0.0487625,0.043353,-0.223449
"696",0,"Y22F",0,"OM276",1050058,0.0456937,0.0436624,-0.206697
"697",0,"Y22F",0,"OM279",994327,0.0455001,0.0456741,-0.225835
"698",0,"Y22F",0,"OM283",1037115,0.0376602,0.0540451,-0.337514
"699",0,"Y22F",0,"OM290",1016532,0.042887,0.0500132,-0.260658
"700",0,"Y22F",0,"OM292",975431,0.0427247,0.0535179,-0.281516
"701",0,"Y22F",0,"OM301",1032167,0.0517581,0.0444821,-0.233838
"702",0,"Y22F",0,"OM318",1020900,0.0453453,0.0525507,-0.262502
"703",0,"Y22F",0,"OM331",902985,0.0493153,0.0206094,0.0242483
"704",0,"Y27M",0,"E10F",1187429,0.0649799,0.00655281,0.202905
"705",0,"Y27M",0,"E13M",1185243,0.0484407,0.0316543,-0.0650712
"706",0,"Y27M",0,"E14F",1215949,0.0339282,0.0393347,-0.330855
"707",0,"Y27M",0,"E18F",1209549,0.0555257,0.020129,0.0331666
"708",0,"Y27M",0,"E19M",1147261,0.0462597,0.0329289,-0.0924228
"709",0,"Y27M",0,"E24M",1208045,0.0467574,0.0348108,-0.0926538
"710",0,"Y27M",0,"E25F",1140910,0.0479494,0.0289252,-0.0461575
"711",0,"Y27M",0,"E27M",1067765,0.0557342,0.0268299,-0.0270336
"712",0,"Y27M",0,"E28F",1139059,0.0606079,0.0125182,0.126233
"713",0,"Y27M",0,"E29M",1207102,0.0598607,0.0104134,0.147448
"714",0,"Y27M",0,"E30M",1196562,0.0528807,0.0249548,-0.021417
"715",0,"Y27M",0,"E31M",1214222,0.0445932,0.0311541,-0.0761155
"716",0,"Y27M",0,"E32M",1162257,0.0510481,0.0223333,0.0223942
"717",0,"Y27M",0,"E33M",950794,0.0556735,0.0250243,-0.00767128
"718",0,"Y27M",0,"E34M",1208999,0.0469686,0.0294219,-0.0527902
"719",0,"Y27M",0,"E35M",1216817,0.0582339,0.0141492,0.0657548
"720",0,"Y27M",0,"E36F",1154242,0.0452193,0.0260786,-0.0304778
"721",0,"Y27M",0,"E37F",1209596,0.0411699,0.030802,-0.180127
"722",0,"Y27M",0,"LAO01M",1213612,0.0439918,0.057347,-0.30807
"723",0,"Y27M",0,"LAO03M",1170418,0.0351943,0.0893407,-0.643384
"724",0,"Y27M",0,"LAO06M",1209188,0.0372423,0.0643324,-0.420537
"725",0,"Y27M",0,"LO01F",1209508,0.0587098,0.0179825,0.0255346
"726",0,"Y27M",0,"LO03M",1190088,0.0582579,0.00687512,0.17006
"727",0,"Y27M",0,"LO04M",1198959,0.0431666,0.056625,-0.311665
"728",0,"Y27M",0,"OF289",1172706,0.0534712,0.0492391,-0.26834
"729",0,"Y27M",0,"OF304",1193194,0.0520854,0.043961,-0.228053
"730",0,"Y27M",0,"OM258",1012933,0.0461926,0.0454038,-0.212938
"731",0,"Y27M",0,"OM270",1165165,0.0550832,0.0521909,-0.29405
"732",0,"Y27M",0,"OM274",1192322,0.0499144,0.0427519,-0.207642
"733",0,"Y27M",0,"OM276",1202181,0.0491199,0.04172,-0.171073
"734",0,"Y27M",0,"OM279",1137192,0.045243,0.0401893,-0.17584
"735",0,"Y27M",0,"OM283",1187676,0.0361942,0.0558183,-0.35736
"736",0,"Y27M",0,"OM290",1164803,0.0451038,0.0464018,-0.214631
"737",0,"Y27M",0,"OM292",1119187,0.0439381,0.0497906,-0.237355
"738",0,"Y27M",0,"OM301",1182024,0.0519321,0.0470684,-0.247215
"739",0,"Y27M",0,"OM318",1169731,0.0434202,0.0542133,-0.27467
"740",0,"Y27M",0,"OM331",1038233,0.0761505,0.00415514,0.272342
"741",0,"Y27M",0,"Y22F",1060856,0.0529553,0.0185435,0.0621865
"742",0,"Y28M",0,"E10F",1178497,0.0496378,0.0140128,0.0781103
"743",0,"Y28M",0,"E13M",1176314,0.0468582,0.0326656,-0.0969147
"744",0,"Y28M",0,"E14F",1206855,0.0353878,0.0419504,-0.335241
"745",0,"Y28M",0,"E18F",1200555,0.0535819,0.0208504,0.00759586
"746",0,"Y28M",0,"E19M",1138606,0.046253,0.0347565,-0.125646
"747",0,"Y28M",0,"E24M",1199029,0.0441074,0.0355271,-0.127321
"748",0,"Y28M",0,"E25F",1132166,0.0463934,0.0320828,-0.0949677
"749",0,"Y28M",0,"E27M",1059353,0.0524424,0.0278793,-0.0638338
"750",0,"Y28M",0,"E28F",1130335,0.0543219,0.016703,0.0577953
"751",0,"Y28M",0,"E29M",1197990,0.0535113,0.0146036,0.0796215
"752",0,"Y28M",0,"E30M",1187571,0.050285,0.0300049,-0.08915
"753",0,"Y28M",0,"E31M",1205182,0.0438772,0.0323453,-0.0973152
"754",0,"Y28M",0,"E32M",1153366,0.0487634,0.0272221,-0.0403909
"755",0,"Y28M",0,"E33M",943203,0.0522613,0.0231361,-0.0193318
"756",0,"Y28M",0,"E34M",1199945,0.0459363,0.033099,-0.0954213
"757",0,"Y28M",0,"E35M",1207760,0.0551103,0.0219746,-0.0234196
"758",0,"Y28M",0,"E36F",1145691,0.0450409,0.0261877,-0.0421107
"759",0,"Y28M",0,"E37F",1200552,0.0394185,0.0334096,-0.200479
"760",0,"Y28M",0,"LAO01M",1204525,0.0446699,0.0606098,-0.361842
"761",0,"Y28M",0,"LAO03M",1161682,0.036912,0.0926803,-0.651657
"762",0,"Y28M",0,"LAO06M",1200111,0.0387956,0.0673213,-0.426422
"763",0,"Y28M",0,"LO01F",1200458,0.0530739,0.0217125,-0.0414998
"764",0,"Y28M",0,"LO03M",1181103,0.0575902,0.0153788,0.0909782
"765",0,"Y28M",0,"LO04M",1189942,0.0413264,0.0597533,-0.374483
"766",0,"Y28M",0,"OF289",1163814,0.0524044,0.0518605,-0.320957
"767",0,"Y28M",0,"OF304",1184232,0.050561,0.0445301,-0.26338
"768",0,"Y28M",0,"OM258",1004747,0.0456603,0.0466326,-0.249741
"769",0,"Y28M",0,"OM270",1156172,0.0557287,0.0555877,-0.348517
"770",0,"Y28M",0,"OM274",1183496,0.0486432,0.0444015,-0.250448
"771",0,"Y28M",0,"OM276",1193172,0.0473855,0.0427876,-0.209178
"772",0,"Y28M",0,"OM279",1128697,0.0439312,0.0428662,-0.225531
"773",0,"Y28M",0,"OM283",1178764,0.0378006,0.0574432,-0.352058
"774",0,"Y28M",0,"OM290",1156012,0.0434096,0.0482348,-0.2611
"775",0,"Y28M",0,"OM292",1110552,0.0450064,0.0542694,-0.296058
"776",0,"Y28M",0,"OM301",1173113,0.0506771,0.0497062,-0.300269
"777",0,"Y28M",0,"OM318",1160845,0.0409882,0.0542725,-0.313295
"778",0,"Y28M",0,"OM331",1030108,0.0549273,0.01159,0.134082
"779",0,"Y28M",0,"Y22F",1052621,0.0541068,0.0135224,0.106218
"780",0,"Y28M",0,"Y27M",1204779,0.0626206,0.000216637,0.250877
"781",0,"Y29F",0,"E10F",1076244,0.0471427,0.0265878,-0.0492609
"782",0,"Y29F",0,"E13M",1074291,0.0482597,0.0290824,-0.0600614
"783",0,"Y29F",0,"E14F",1102636,0.0330989,0.0342488,-0.262674
"784",0,"Y29F",0,"E18F",1096632,0.0568322,0.0147524,0.0737076
"785",0,"Y29F",0,"E19M",1038597,0.0458205,0.0308994,-0.0934906
"786",0,"Y29F",0,"E24M",1095365,0.0457309,0.0326558,-0.0949796
"787",0,"Y29F",0,"E25F",1033583,0.0480465,0.0280384,-0.0528249
"788",0,"Y29F",0,"E27M",966113,0.0522185,0.0287875,-0.0723462
"789",0,"Y29F",0,"E28F",1031604,0.050469,0.0238793,-0.0190435
"790",0,"Y29F",0,"E29M",1094473,0.0479592,0.026463,-0.0438119
"791",0,"Y29F",0,"E30M",1084769,0.0548292,0.0263853,-0.0387339
"792",0,"Y29F",0,"E31M",1100940,0.0444184,0.030642,-0.0800157
"793",0,"Y29F",0,"E32M",1053377,0.0489834,0.0303984,-0.0657913
"794",0,"Y29F",0,"E33M",858689,0.0508915,0.0305116,-0.0851324
"795",0,"Y29F",0,"E34M",1095977,0.0453896,0.0295709,-0.0665954
"796",0,"Y29F",0,"E35M",1103592,0.0531383,0.0276606,-0.079809
"797",0,"Y29F",0,"E36F",1045051,0.0459509,0.0281804,-0.0536248
"798",0,"Y29F",0,"E37F",1096604,0.0380666,0.0381177,-0.256069
"799",0,"Y29F",0,"LAO01M",1100517,0.0439939,0.0561054,-0.324233
"800",0,"Y29F",0,"LAO03M",1060119,0.0376854,0.0869695,-0.596453
"801",0,"Y29F",0,"LAO06M",1096568,0.0372061,0.0669835,-0.429369
"802",0,"Y29F",0,"LO01F",1096486,0.0536988,0.0268941,-0.0822669
"803",0,"Y29F",0,"LO03M",1078813,0.0513926,0.0209397,0.0175171
"804",0,"Y29F",0,"LO04M",1086979,0.0414111,0.0567978,-0.346981
"805",0,"Y29F",0,"OF289",1063088,0.0518226,0.0502602,-0.309844
"806",0,"Y29F",0,"OF304",1081734,0.053148,0.0453152,-0.258257
"807",0,"Y29F",0,"OM258",915369,0.0449688,0.045905,-0.244552
"808",0,"Y29F",0,"OM270",1055923,0.0543051,0.0484335,-0.292704
"809",0,"Y29F",0,"OM274",1080463,0.0509504,0.043623,-0.232275
"810",0,"Y29F",0,"OM276",1090010,0.0459262,0.0416739,-0.204117
"811",0,"Y29F",0,"OM279",1029412,0.0449742,0.0433704,-0.22433
"812",0,"Y29F",0,"OM283",1076597,0.0358138,0.0544466,-0.331991
"813",0,"Y29F",0,"OM290",1055499,0.0456419,0.0494051,-0.26013
"814",0,"Y29F",0,"OM292",1013380,0.0425773,0.0493606,-0.261985
"815",0,"Y29F",0,"OM301",1071294,0.0502607,0.0436771,-0.249959
"816",0,"Y29F",0,"OM318",1060044,0.0414813,0.0478178,-0.254747
"817",0,"Y29F",0,"OM331",938873,0.0476071,0.0243398,-0.0049434
"818",0,"Y29F",0,"Y22F",958559,0.047755,0.0160418,0.0571386
"819",0,"Y29F",0,"Y27M",1100765,0.0492585,0.0224408,0.00617934
"820",0,"Y29F",0,"Y28M",1092337,0.0466733,0.0272077,-0.0327396
"821",0,"Y30F",0,"E10F",1186761,0.043783,0.0221266,-0.0286952
"822",0,"Y30F",0,"E13M",1184435,0.0483505,0.0254797,-0.0246063
"823",0,"Y30F",0,"E14F",1215436,0.0347192,0.0405106,-0.329337
"824",0,"Y30F",0,"E18F",1208911,0.050031,0.0259217,-0.0450449
"825",0,"Y30F",0,"E19M",1147073,0.0453284,0.0304061,-0.0864048
"826",0,"Y30F",0,"E24M",1207444,0.0486838,0.0325249,-0.0768326
"827",0,"Y30F",0,"E25F",1140237,0.0484259,0.0257245,-0.0274217
"828",0,"Y30F",0,"E27M",1066858,0.0545574,0.027432,-0.0453365
"829",0,"Y30F",0,"E28F",1138273,0.0498817,0.0238229,-0.0161873
"830",0,"Y30F",0,"E29M",1206552,0.0484181,0.0250632,-0.0256849
"831",0,"Y30F",0,"E30M",1195900,0.0528882,0.0258659,-0.0376409
"832",0,"Y30F",0,"E31M",1213628,0.0465307,0.0298568,-0.0599744
"833",0,"Y30F",0,"E32M",1161513,0.0448777,0.0285765,-0.0626736
"834",0,"Y30F",0,"E33M",949809,0.0503027,0.0305546,-0.0830821
"835",0,"Y30F",0,"E34M",1208535,0.0462726,0.0305378,-0.0662546
"836",0,"Y30F",0,"E35M",1216324,0.0525945,0.0257555,-0.0608196
"837",0,"Y30F",0,"E36F",1153953,0.0436006,0.0338289,-0.107384
"838",0,"Y30F",0,"E37F",1209084,0.0381669,0.0374019,-0.254349
"839",0,"Y30F",0,"LAO01M",1213017,0.0433308,0.0536134,-0.298952
"840",0,"Y30F",0,"LAO03M",1170074,0.0364498,0.0825264,-0.5719
"841",0,"Y30F",0,"LAO06M",1208550,0.0377188,0.0633048,-0.401739
"842",0,"Y30F",0,"LO01F",1209001,0.0573614,0.0245583,-0.0421531
"843",0,"Y30F",0,"LO03M",1189445,0.054269,0.0186684,0.0531581
"844",0,"Y30F",0,"LO04M",1198310,0.0426584,0.0535404,-0.30677
"845",0,"Y30F",0,"OF289",1172024,0.0529511,0.0441151,-0.245614
"846",0,"Y30F",0,"OF304",1192604,0.0517598,0.0409407,-0.22059
"847",0,"Y30F",0,"OM258",1011972,0.0471387,0.0459756,-0.229409
"848",0,"Y30F",0,"OM270",1164428,0.0574857,0.048635,-0.273736
"849",0,"Y30F",0,"OM274",1191916,0.0525222,0.0430014,-0.214172
"850",0,"Y30F",0,"OM276",1201445,0.0468877,0.0400834,-0.180745
"851",0,"Y30F",0,"OM279",1137087,0.0475733,0.0431436,-0.205195
"852",0,"Y30F",0,"OM283",1187101,0.0389049,0.05303,-0.313047
"853",0,"Y30F",0,"OM290",1164145,0.0462408,0.0475697,-0.235873
"854",0,"Y30F",0,"OM292",1118462,0.0412549,0.0480839,-0.251462
"855",0,"Y30F",0,"OM301",1181378,0.0530237,0.0430074,-0.225814
"856",0,"Y30F",0,"OM318",1169044,0.0428444,0.0492505,-0.255049
"857",0,"Y30F",0,"OM331",1037588,0.0483024,0.0230785,0.0047531
"858",0,"Y30F",0,"Y22F",1060815,0.0517338,0.0136461,0.0979853
"859",0,"Y30F",0,"Y27M",1213282,0.0507475,0.0188431,0.0465309
"860",0,"Y30F",0,"Y28M",1204196,0.0466602,0.0231075,-0.0024013
"861",0,"Y30F",0,"Y29F",1099984,0.0600854,0.000307277,0.247555
"862",0,"Y31F",0,"E10F",1125263,0.0516386,0.0163348,0.0677737
"863",0,"Y31F",0,"E13M",1123210,0.0476954,0.0297887,-0.0717317
"864",0,"Y31F",0,"E14F",1152648,0.0317981,0.0410134,-0.341597
"865",0,"Y31F",0,"E18F",1146428,0.0513037,0.025077,-0.0404377
"866",0,"Y31F",0,"E19M",1086514,0.0448554,0.03426,-0.130292
"867",0,"Y31F",0,"E24M",1145070,0.0475386,0.0342503,-0.104527
"868",0,"Y31F",0,"E25F",1081001,0.0475032,0.0296438,-0.0722537
"869",0,"Y31F",0,"E27M",1010759,0.0534727,0.0288189,-0.0705193
"870",0,"Y31F",0,"E28F",1079008,0.0525056,0.0199822,0.019886
"871",0,"Y31F",0,"E29M",1144209,0.0528793,0.0165083,0.0588829
"872",0,"Y31F",0,"E30M",1134155,0.049391,0.0256658,-0.0588927
"873",0,"Y31F",0,"E31M",1150870,0.0438251,0.0298426,-0.0791262
"874",0,"Y31F",0,"E32M",1101245,0.0451244,0.026461,-0.0516242
"875",0,"Y31F",0,"E33M",899410,0.0497415,0.0275336,-0.0681625
"876",0,"Y31F",0,"E34M",1145969,0.0447516,0.033384,-0.105561
"877",0,"Y31F",0,"E35M",1153425,0.0538197,0.0232403,-0.0424234
"878",0,"Y31F",0,"E36F",1093180,0.0428091,0.0305329,-0.0914525
"879",0,"Y31F",0,"E37F",1146359,0.0362304,0.0331999,-0.211842
"880",0,"Y31F",0,"LAO01M",1150454,0.043369,0.0581066,-0.350464
"881",0,"Y31F",0,"LAO03M",1108675,0.0331341,0.0875712,-0.62105
"882",0,"Y31F",0,"LAO06M",1146233,0.0362614,0.0657397,-0.420366
"883",0,"Y31F",0,"LO01F",1146297,0.0570821,0.021607,-0.0265984
"884",0,"Y31F",0,"LO03M",1127972,0.0524995,0.0123079,0.0933888
"885",0,"Y31F",0,"LO04M",1136284,0.0421462,0.0568027,-0.351009
"886",0,"Y31F",0,"OF289",1111330,0.0515634,0.0481036,-0.298923
"887",0,"Y31F",0,"OF304",1130895,0.0507589,0.0446443,-0.268249
"888",0,"Y31F",0,"OM258",958336,0.0456343,0.0488618,-0.273432
"889",0,"Y31F",0,"OM270",1104002,0.0556376,0.0538088,-0.339375
"890",0,"Y31F",0,"OM274",1129845,0.0492545,0.0434537,-0.243581
"891",0,"Y31F",0,"OM276",1139298,0.0481094,0.0444449,-0.224121
"892",0,"Y31F",0,"OM279",1076746,0.0462375,0.0440596,-0.231154
"893",0,"Y31F",0,"OM283",1125604,0.0351189,0.0568841,-0.354491
"894",0,"Y31F",0,"OM290",1103659,0.0446787,0.0485413,-0.262347
"895",0,"Y31F",0,"OM292",1059996,0.0414473,0.0507709,-0.285766
"896",0,"Y31F",0,"OM301",1120065,0.0520747,0.0474651,-0.280192
"897",0,"Y31F",0,"OM318",1108219,0.0418536,0.0532151,-0.30515
"898",0,"Y31F",0,"OM331",982507,0.0517391,0.0145078,0.0941579
"899",0,"Y31F",0,"Y22F",1003478,0.0487245,0.018394,0.0390121
"900",0,"Y31F",0,"Y27M",1150680,0.0633417,0.000321549,0.251994
"901",0,"Y31F",0,"Y28M",1141941,0.0476128,0.0130628,0.0892913
"902",0,"Y31F",0,"Y29F",1042456,0.0509105,0.0148793,0.0873653
"903",0,"Y31F",0,"Y30F",1149982,0.0640706,0.0002687,0.265178
"904",0,"Y32F",0,"E10F",1185832,0.0474696,0.0247868,-0.058978
"905",0,"Y32F",0,"E13M",1183534,0.0495533,0.02557,-0.0131149
"906",0,"Y32F",0,"E14F",1214494,0.038607,0.0306309,-0.227172
"907",0,"Y32F",0,"E18F",1208081,0.0580102,0.0178109,0.0710537
"908",0,"Y32F",0,"E19M",1146058,0.0504355,0.0265562,-0.0105348
"909",0,"Y32F",0,"E24M",1206497,0.0505347,0.0291132,-0.0431802
"910",0,"Y32F",0,"E25F",1139404,0.0540835,0.0211119,0.0411619
"911",0,"Y32F",0,"E27M",1066086,0.0574916,0.0237692,0.0164328
"912",0,"Y32F",0,"E28F",1137440,0.0582387,0.0160474,0.0958862
"913",0,"Y32F",0,"E29M",1205546,0.0565644,0.015753,0.0952613
"914",0,"Y32F",0,"E30M",1194971,0.0576006,0.0218558,0.0332826
"915",0,"Y32F",0,"E31M",1212791,0.0480858,0.0294882,-0.061164
"916",0,"Y32F",0,"E32M",1160628,0.0537847,0.020675,0.0407416
"917",0,"Y32F",0,"E33M",949371,0.0638338,0.0137923,0.121743
"918",0,"Y32F",0,"E34M",1207537,0.0522642,0.0207654,0.0277658
"919",0,"Y32F",0,"E35M",1215373,0.0576769,0.0263269,-0.021629
"920",0,"Y32F",0,"E36F",1153056,0.0556538,0.0216408,0.0358576
"921",0,"Y32F",0,"E37F",1208180,0.0444652,0.0259216,-0.127708
"922",0,"Y32F",0,"LAO01M",1212099,0.0474928,0.0557199,-0.256546
"923",0,"Y32F",0,"LAO03M",1169046,0.038504,0.0838205,-0.596099
"924",0,"Y32F",0,"LAO06M",1207708,0.0381508,0.0620175,-0.410351
"925",0,"Y32F",0,"LO01F",1208086,0.0612564,0.0259849,-0.0157099
"926",0,"Y32F",0,"LO03M",1188456,0.0569807,0.0212856,0.053418
"927",0,"Y32F",0,"LO04M",1197438,0.0484017,0.0570117,-0.269062
"928",0,"Y32F",0,"OF289",1171244,0.0564016,0.0493398,-0.235026
"929",0,"Y32F",0,"OF304",1191789,0.0561039,0.0405332,-0.163759
"930",0,"Y32F",0,"OM258",1011164,0.0516266,0.0443252,-0.162531
"931",0,"Y32F",0,"OM270",1163604,0.0592066,0.0487417,-0.227352
"932",0,"Y32F",0,"OM274",1191024,0.0548771,0.0408313,-0.15226
"933",0,"Y32F",0,"OM276",1200674,0.0509131,0.0416633,-0.14413
"934",0,"Y32F",0,"OM279",1135998,0.0485731,0.0424939,-0.160975
"935",0,"Y32F",0,"OM283",1186211,0.040057,0.0497449,-0.301068
"936",0,"Y32F",0,"OM290",1163293,0.0486498,0.0472701,-0.186481
"937",0,"Y32F",0,"OM292",1117728,0.0478453,0.0502689,-0.203603
"938",0,"Y32F",0,"OM301",1180602,0.0567134,0.0423945,-0.169948
"939",0,"Y32F",0,"OM318",1168189,0.0482336,0.0488294,-0.19152
"940",0,"Y32F",0,"OM331",1036829,0.0507731,0.0226045,-0.00173442
"941",0,"Y32F",0,"Y22F",1059740,0.0620869,0.000150037,0.241467
"942",0,"Y32F",0,"Y27M",1212316,0.0516961,0.0195741,0.0386739
"943",0,"Y32F",0,"Y28M",1203291,0.054218,0.0191757,0.0416549
"944",0,"Y32F",0,"Y29F",1099197,0.0499219,0.0203767,0.0133822
"945",0,"Y32F",0,"Y30F",1211802,0.0515348,0.0184395,0.0405583
"946",0,"Y32F",0,"Y31F",1149167,0.049991,0.0204983,0.0104229
