"","pop","CHROM","mean_pi","sd_pi","n_windows"
"1","Ranch",1,9.4164671618226e-05,4.6453942812459e-05,4651
"2","Ranch",2,8.7127362241797e-05,4.34932375898895e-05,3255
"3","Ranch",3,8.95129949886612e-05,4.5053868850169e-05,2723
"4","Ranch",4,8.38126199924352e-05,4.04173704825172e-05,3985
"5","Ranch",5,9.19268650357791e-05,4.46645197106948e-05,2968
"6","Ranch",6,9.29132624569706e-05,4.50789987546151e-05,2853
"7","Ranch",7,8.78904352850206e-05,4.33002144549782e-05,2707
"8","Ranch",8,8.59894137091651e-05,4.52430139328519e-05,4229
"9","Ranch",9,8.53420502149301e-05,4.22886124460929e-05,3065
"10","Ranch",10,9.57644414207271e-05,4.72904185904331e-05,2909
"11","Ranch",11,9.68111748122981e-05,4.83210880697881e-05,2224
"12","Ranch",12,0.000105167339815917,5.03436045514482e-05,1653
"13","Ranch",13,9.31260869196706e-05,4.72911808508637e-05,1805
"14","Ranch",14,8.66623804411349e-05,4.36347315039904e-05,1833
"15","Ranch",15,0.000101418177596732,5.00717402723876e-05,1163
"16","Ranch",16,0.000104754716153387,5.01655984478406e-05,1188
"17","Ranch",17,0.000123354081427002,5.76331188651027e-05,804
"18","Refuge",1,0.000111142860257053,5.74049622840103e-05,4652
"19","Refuge",2,0.000106205569654263,5.33128293925457e-05,3216
"20","Refuge",3,0.000108684382397515,5.46268503762498e-05,2725
"21","Refuge",4,0.000104205799604284,5.10639931251478e-05,4003
"22","Refuge",5,0.000110955353549144,5.47002284970839e-05,2957
"23","Refuge",6,0.000103504443841511,5.15764724270127e-05,2844
"24","Refuge",7,9.71533908141215e-05,5.23938781980584e-05,2696
"25","Refuge",8,9.94980148435069e-05,5.20945304695028e-05,4212
"26","Refuge",9,9.99641355013447e-05,4.93560663354897e-05,3068
"27","Refuge",10,0.000111223378241695,5.58049312887041e-05,2901
"28","Refuge",11,0.000100309643770264,5.35075057749327e-05,2190
"29","Refuge",12,0.000115004423649973,5.75907869908277e-05,1644
"30","Refuge",13,0.000115323555085164,5.81586052207191e-05,1783
"31","Refuge",14,0.000104088441674971,5.26788708875583e-05,1841
"32","Refuge",15,0.000105664153581489,5.55607085313548e-05,1163
"33","Refuge",16,0.00011113040472958,5.90199969293622e-05,1186
"34","Refuge",17,0.000141396468826753,6.90493665250501e-05,802
