"","INDV","O.HOM.","E.HOM.","N_SITES","F","O_het","O_hom","E_hom","E_het"
"1","E10F-1",60578,57397.1,82377,0.12734,0.264624834601891,0.735375165398109,0.696761231897253,0.303238768102747
"2","E13M-1",57309,57435.5,82433,-0.00506,0.304780852328558,0.695219147671442,0.696753727269419,0.303246272730581
"3","E14F-1",65325,58880,84471,0.25185,0.22665766949604,0.77334233050396,0.697043955913864,0.302956044086136
"4","E18F-1",55781,58539.1,83997,-0.10834,0.335916758931867,0.664083241068133,0.696918937581104,0.303081062418896
"5","E19M-2A",54041,55634.9,79774,-0.06603,0.3225737709028,0.6774262290972,0.697406423145386,0.302593576854614
"6","E24M-1",58842,58494.2,83928,0.01367,0.298899056334001,0.701100943665999,0.696956915451339,0.303043084548661
"7","E25F-1",54704,55207.1,79266,-0.02091,0.309868039260212,0.690131960739788,0.696478944314082,0.303521055685918
"8","E27M-1",48505,51961.2,74668,-0.15221,0.350391064445278,0.649608935554722,0.695896501848181,0.304103498151819
"9","E28F-1",53575,55044.6,79014,-0.06131,0.321955602804566,0.678044397195434,0.696643632773939,0.303356367226061
"10","E29M-1",57443,58422.1,83821,-0.03855,0.314694408322497,0.685305591677503,0.696986435380155,0.303013564619845
"11","E30M-1",55876,57969.8,83184,-0.08304,0.328284285439508,0.671715714560492,0.696886420465474,0.303113579534526
"12","E31M-2",59832,58778.1,84324,0.04125,0.290451117119681,0.709548882880319,0.697050661733314,0.302949338266686
"13","E32M-1",56359,56206.9,80728,0.0062,0.30186552373402,0.69813447626598,0.696250371618274,0.303749628381726
"14","E33M-1",42614,46323.5,66626,-0.18271,0.360399843904782,0.639600156095218,0.69527661873743,0.30472338126257
"15","E34M-2A",59628,58438.5,83788,0.04693,0.288346779968492,0.711653220031508,0.697456676373705,0.302543323626295
"16","E35M-2A",57225,58866,84430,-0.06419,0.322219590193059,0.677780409806941,0.697216629160251,0.302783370839749
"17","E36F-2A",56232,55647,79759,0.02426,0.294976115548089,0.705023884451911,0.697689288983061,0.302310711016939
"18","E37F-1",63621,58416.9,83785,0.20514,0.240663603270275,0.759336396729725,0.697223846750612,0.302776153249388
"19","LAO01M-2A",63551,58639.5,84142,0.19259,0.244717263673314,0.755282736326686,0.696911173967816,0.303088826032184
"20","LAO03M-1",65003,56657.2,81283,0.33891,0.200287883075182,0.799712116924818,0.69703628064909,0.30296371935091
"21","LAO06M-2A",66624,58404.7,83810,0.32353,0.20505906216442,0.794940937835581,0.696870301873285,0.303129698126715
"22","LO01F-1",56229,58445.1,83813,-0.08736,0.329113621991815,0.670886378008185,0.697327383580113,0.302672616419887
"23","LO03M-1",57110,57549,82555,-0.01756,0.308218763248743,0.691781236751257,0.697098903761129,0.302901096238871
"24","LO04M-1",63325,57958.6,83138,0.21313,0.238314609444538,0.761685390555462,0.697137289807308,0.302862710192692
"25","OF289-2",57454,56788.6,81533,0.02689,0.295328271988029,0.704671728011971,0.696510615333669,0.303489384666331
"26","OF304-1A",57985,57770.6,82909,0.00853,0.300618750678455,0.699381249321545,0.696795281573774,0.303204718426226
"27","OM258-2",49755,48864.8,70214,0.0417,0.291380636340331,0.708619363659669,0.695940980431253,0.304059019568747
"28","OM270-2",56450,56354.2,80946,0.00389,0.302621500753589,0.697378499246411,0.69619499419366,0.30380500580634
"29","OM274-3B",58004,57649.5,82688,0.01416,0.298519736842105,0.701480263157895,0.697193063080495,0.302806936919505
"30","OM276-1",59476,58164.1,83451,0.05188,0.287294340391367,0.712705659608633,0.696985057099376,0.303014942900624
"31","OM279-1",55595,54798.6,78610,0.03345,0.292774456176059,0.707225543823941,0.697094517236993,0.302905482763007
"32","OM283-2",63603,57474.8,82459,0.24528,0.228671218423701,0.771328781576298,0.697010635588596,0.302989364411404
"33","OM290-2",59096,56354.6,80909,0.11165,0.269599179324921,0.730400820675079,0.696518310694731,0.303481689305269
"34","OM292-2",57242,54206.1,77823,0.12855,0.264459093070172,0.735540906929828,0.69653058864346,0.30346941135654
"35","OM301-1A",57185,57247.2,82143,-0.0025,0.303835993328707,0.696164006671293,0.6969212227457,0.3030787772543
"36","OM318-2",59944,56654.4,81338,0.13327,0.263025891957019,0.736974108042981,0.696530526936979,0.303469473063021
"37","OM331-1A",50664,50091.9,71935,0.02619,0.295697504691736,0.704302495308264,0.696349482171405,0.303650517828595
"38","Y22F-1",50866,51133.1,73251,-0.01208,0.305593097705151,0.694406902294849,0.698053268897353,0.301946731102647
"39","Y27M-1",57447,58782,84290,-0.05234,0.318460078301103,0.681539921698897,0.697378099418674,0.302621900581326
"40","Y28M-1",59206,58288.8,83616,0.03622,0.291929774205894,0.708070225794106,0.697101033295063,0.302898966704937
"41","Y29F-1",54566,53172.3,76379,0.06005,0.285588970790401,0.7144110292096,0.696163867031514,0.303836132968486
"42","Y30F-1",60818,58648.5,84110,0.08521,0.276923076923077,0.723076923076923,0.697283319462608,0.302716680537392
"43","Y31F-1",57235,55561.9,79743,0.06919,0.282256749808761,0.717743250191239,0.696762098240598,0.303237901759402
"44","Y32F-1",57865,58669.1,84147,-0.03156,0.312334367238285,0.687665632761715,0.697221528990932,0.302778471009067
