"","sample","length_bp","FROH"
"1","E10F-1",723486011,29.3062888741565
"2","E13M-1",408123783,16.5318932213764
"3","E14F-1",978037383,39.6174157345553
"4","E18F-1",289462507,11.7252741855427
"5","E19M-2A",402394300,16.2998087285947
"6","E24M-1",485072436,19.6488566719596
"7","E25F-1",399785104,16.1941178782636
"8","E27M-1",223891816,9.06919848690135
"9","E28F-1",275647407,11.1656651464325
"10","E29M-1",336607010,13.6349592419778
"11","E30M-1",286583618,11.6086588655671
"12","E31M-2",469229253,19.0070959597623
"13","E32M-1",429731245,17.4071479099005
"14","E33M-1",197976003,8.01942518010742
"15","E34M-2A",486004857,19.6866263022812
"16","E35M-2A",280823498,11.3753333580891
"17","E36F-2A",518271662,20.9936596021636
"18","E37F-1",820645167,33.2419203158337
"19","LAO01M-2A",841620553,34.0915714659828
"20","LAO03M-1",1218388806,49.3533444555773
"21","LAO06M-2A",1057813153,42.8488973737742
"22","LO01F-1",247546886,10.0273957487948
"23","LO03M-1",432323961,17.5121712039372
"24","LO04M-1",916205088,37.1127714546784
"25","OF289-2",593539300,24.0425300828168
"26","OF304-1A",480972827,19.4827935777209
"27","OM258-2",545785959,22.1081827909905
"28","OM270-2",598002576,24.2233242568469
"29","OM274-3B",529901504,21.4647502715488
"30","OM276-1",584468705,23.6751069767874
"31","OM279-1",579287995,23.4652516630358
"32","OM283-2",968323181,39.2239220032799
"33","OM290-2",699167604,28.3212217827883
"34","OM292-2",793993173,32.1623264835263
"35","OM301-1A",529588924,21.4520885757634
"36","OM318-2",702025705,28.4369950420691
"37","OM331-1A",565492496,22.9064366027442
"38","Y22F-1",455671377,18.4579063078065
"39","Y27M-1",473248545,19.1699056487275
"40","Y28M-1",621870568,25.1901463622685
"41","Y29F-1",560798894,22.716312600371
"42","Y30F-1",592488934,23.9999828476919
"43","Y31F-1",598672921,24.250477959775
"44","Y32F-1",406273986,16.4569633894013
