"","Category","Count","Total_Length_MB","Proportion_Length","Proportion_count"
"1","<1Mb",18,15.619584,0.000634807047557923,0.00826825907211759
"2","1-2Mb",250,382.666535,0.0155522332273747,0.114836931557189
"3","2-4Mb",476,1400.376599,0.0569137394619726,0.218649517684887
"4","4-6Mb",290,1436.716264,0.0583906466221053,0.133210840606339
"5","6-8Mb",222,1530.663792,0.0622088374826971,0.101975195222784
"6","8-10MB",166,1485.130404,0.0603582814370566,0.0762517225539734
"7","10-20Mb",420,6021.105922,0.244708212035503,0.192926045016077
"8","20Mb-30Mb",167,4050.846974,0.164633463200677,0.0767110702802021
"9","30Mb-40Mb",74,2543.682628,0.10337968405593,0.0339917317409279
"10","40Mb-50Mb",38,1690.312442,0.0686972361591988,0.0174552135966927
"11","50Mb-60Mb",16,876.324725,0.0356153602669097,0.00734956361966008
"12","60Mb-70Mb",13,830.324528,0.0337458322919872,0.00597152044097382
"13","70Mb-80Mb",15,1133.631511,0.0460727553638136,0.00689021589343133
"14","80Mb-90Mb",3,258.516133,0.0105065450613679,0.00137804317868627
"15","90Mb-100Mb",4,372.955743,0.0151575697588106,0.00183739090491502
"16",">100Mb",5,576.372897,0.0234247965270379,0.00229673863114378
