"","pop","Category2","Count","Total_Length_MB","n_individuals","Proportion_Count","Proportion_Length","Avg_ROH_Count_Per_Individual","Avg_ROH_Length_MB_Per_Individual"
"1","ranch","<1Mb",9,7.462394,23,0.00857142857142857,0.000681219702254918,0.39,0.32
"2","ranch","1-2Mb",124,185.207102,23,0.118095238095238,0.0169070042241051,5.39,8.05
"3","ranch","2-4Mb",250,732.045477,23,0.238095238095238,0.0668262493080638,10.87,31.83
"4","ranch","4-6Mb",140,699.127293,23,0.133333333333333,0.0638212464224948,6.09,30.4
"5","ranch","6-8Mb",115,788.271004,23,0.10952380952381,0.0719589100550125,5,34.27
"6","ranch","8-10MB",71,630.986246,23,0.0676190476190476,0.0576008533758829,3.09,27.43
"7","ranch","10-20Mb",202,2878.266954,23,0.192380952380952,0.262748409882144,8.78,125.14
"8","ranch","20Mb-30Mb",77,1865.093023,23,0.0733333333333333,0.170258782075268,3.35,81.09
"9","ranch","30Mb-40Mb",26,885.225403,23,0.0247619047619048,0.0808095881107524,1.13,38.49
"10","ranch","40Mb-50Mb",13,573.081046,23,0.0123809523809524,0.0523148602880064,0.57,24.92
"11","ranch","50Mb-60Mb",5,269.697112,23,0.00476190476190476,0.024619845365395,0.22,11.73
"12","ranch","60Mb-70Mb",5,320.939404,23,0.00476190476190476,0.0292976014446236,0.22,13.95
"13","ranch","70Mb-80Mb",9,690.677406,23,0.00857142857142857,0.0630498814280671,0.39,30.03
"14","ranch",">80Mb",4,428.380166,23,0.00380952380952381,0.0391055483179302,0.17,18.63
"15","refuge","<1Mb",9,8.15719,21,0.00798580301685892,0.000597561899438406,0.43,0.39
"16","refuge","1-2Mb",126,197.459433,21,0.111801242236025,0.0144650589045383,6,9.4
"17","refuge","2-4Mb",226,668.331122,21,0.200532386867791,0.0489591654376227,10.76,31.83
"18","refuge","4-6Mb",150,737.588971,21,0.133096716947649,0.0540327081403743,7.14,35.12
"19","refuge","6-8Mb",107,742.392788,21,0.0949423247559893,0.0543846158452425,5.1,35.35
"20","refuge","8-10MB",95,854.144158,21,0.0842945874001775,0.0625710576128174,4.52,40.67
"21","refuge","10-20Mb",218,3142.838968,21,0.193433895297249,0.230231344782593,10.38,149.66
"22","refuge","20Mb-30Mb",90,2185.753951,21,0.0798580301685892,0.160119266887808,4.29,104.08
"23","refuge","30Mb-40Mb",48,1658.457225,21,0.0425909494232476,0.121491696222394,2.29,78.97
"24","refuge","40Mb-50Mb",25,1117.231396,21,0.0221827861579414,0.081843737255842,1.19,53.2
"25","refuge","50Mb-60Mb",11,606.627613,21,0.00976042590949423,0.0444390223442223,0.52,28.89
"26","refuge","60Mb-70Mb",8,509.385124,21,0.00709849157054126,0.0373154410088656,0.38,24.26
"27","refuge","70Mb-80Mb",6,442.954105,21,0.00532386867790594,0.0324489801448586,0.29,21.09
"28","refuge",">80Mb",8,779.464607,21,0.00709849157054126,0.0571003435133828,0.38,37.12
